2021 super output area - lower layer,Total: All usual residents,Very good health,Good health,Fair health,Bad health,Very bad health
E01004768 : Bolton 001A,"1,595",918,497,131,41,8
E01004803 : Bolton 001B,"1,620",888,553,134,29,16
E01004804 : Bolton 001C,"1,468",800,478,146,28,16
E01004807 : Bolton 001D,"1,376",788,438,117,32,1
E01004808 : Bolton 001E,"1,617",902,516,157,38,4
E01004788 : Bolton 002A,"1,361",656,460,174,58,13
E01004790 : Bolton 002B,"1,417",700,470,172,59,16
E01004805 : Bolton 002C,"1,567",850,486,170,48,13
E01004806 : Bolton 002D,"1,517",734,498,215,58,12
E01004810 : Bolton 002E,"1,557",872,474,156,48,7
E01004769 : Bolton 003A,"1,503",788,478,168,53,16
E01004770 : Bolton 003B,"1,521",803,461,191,52,14
E01004771 : Bolton 003C,"1,685",947,492,182,49,15
E01004773 : Bolton 003D,"1,965",953,684,234,75,19
E01004809 : Bolton 003E,"1,724",773,608,235,89,19
E01004777 : Bolton 004A,"1,724",762,516,258,142,46
E01004881 : Bolton 004B,"1,483",508,499,296,133,47
E01004888 : Bolton 004C,"1,284",586,421,191,65,21
E01004889 : Bolton 004D,"1,432",640,480,221,69,22
E01004890 : Bolton 004E,"1,384",604,489,215,61,15
E01004766 : Bolton 005A,"1,658",707,538,278,108,27
E01004767 : Bolton 005B,"1,887",834,682,233,107,31
E01004772 : Bolton 005C,"1,846",867,631,227,94,27
E01004774 : Bolton 005D,"1,766",761,632,258,91,24
E01004824 : Bolton 005E,"1,884",979,552,247,77,29
E01004784 : Bolton 006A,"1,196",546,435,168,36,11
E01004785 : Bolton 006B,"1,523",663,531,221,84,24
E01004786 : Bolton 006C,"1,450",658,495,202,73,22
E01004789 : Bolton 006D,"1,452",779,420,194,49,10
E01004791 : Bolton 006E,"1,320",622,446,183,53,16
E01004792 : Bolton 006F,"1,409",676,487,175,56,15
E01004779 : Bolton 007A,"1,632",783,552,193,80,24
E01004781 : Bolton 007B,"2,135","1,116",703,228,68,20
E01004882 : Bolton 007C,"1,350",592,493,181,57,27
E01004883 : Bolton 007D,"1,762",901,607,179,56,19
E01004884 : Bolton 007E,"1,476",755,522,141,45,13
E01004864 : Bolton 008A,"1,464",648,558,188,61,9
E01004867 : Bolton 008B,"1,551",796,494,165,72,24
E01004921 : Bolton 008C,"1,633",779,560,212,61,21
E01004924 : Bolton 008D,"1,575",858,510,156,38,13
E01004925 : Bolton 008E,"1,590",750,556,211,51,22
E01004778 : Bolton 009A,"1,190",511,424,188,49,18
E01004780 : Bolton 009B,"2,288","1,210",776,214,67,21
E01004782 : Bolton 009C,"1,348",641,439,195,54,19
E01004783 : Bolton 009D,"1,473",716,471,204,60,22
E01004802 : Bolton 010A,"1,973",905,611,300,123,34
E01004926 : Bolton 010B,"1,434",665,451,189,104,25
E01004927 : Bolton 010C,"2,301","1,069",704,321,168,39
E01004929 : Bolton 010D,"2,726","1,406",832,339,116,33
E01004820 : Bolton 011A,"1,790",953,482,235,87,33
E01004825 : Bolton 011B,"1,971","1,023",564,248,93,43
E01004826 : Bolton 011C,"1,666",849,527,200,66,24
E01004865 : Bolton 011D,"1,581",688,532,248,90,23
E01004866 : Bolton 011E,"2,039",927,634,289,159,30
E01004840 : Bolton 012A,"1,736",893,545,207,74,17
E01004841 : Bolton 012B,"1,750",832,481,265,128,44
E01004842 : Bolton 012C,"1,713",938,517,185,52,21
E01004919 : Bolton 012D,"1,509",750,535,171,44,9
E01004920 : Bolton 012E,"1,642",762,553,222,83,22
E01004787 : Bolton 013A,"1,708",719,549,286,119,35
E01004793 : Bolton 013B,"1,749",708,600,290,108,43
E01004794 : Bolton 013C,"2,121","1,000",625,318,138,40
E01004795 : Bolton 013D,"1,504",578,506,265,105,50
E01004797 : Bolton 013E,"1,492",667,546,180,80,19
E01004775 : Bolton 014A,"2,324","1,271",706,209,66,72
E01004885 : Bolton 014B,"1,424",820,431,127,35,11
E01004886 : Bolton 014C,"1,397",577,446,261,91,22
E01004887 : Bolton 014D,"1,330",546,487,187,87,23
E01004868 : Bolton 015A,"2,163","1,025",729,301,80,28
E01004869 : Bolton 015B,"2,190","1,149",578,321,109,33
E01004870 : Bolton 015C,"2,015",917,659,287,133,19
E01004871 : Bolton 015D,"1,814",946,542,216,93,17
E01004922 : Bolton 015E,"2,254","1,115",767,259,86,27
E01004822 : Bolton 016B,"1,851",900,557,243,104,47
E01004823 : Bolton 016C,"2,047",880,614,324,182,47
E01004848 : Bolton 016D,"2,090",845,664,338,142,101
E01033217 : Bolton 016E,"1,228",528,382,219,70,29
E01033220 : Bolton 016F,"1,315",555,411,227,93,29
E01004818 : Bolton 017A,"1,722",768,550,274,98,32
E01004819 : Bolton 017B,"1,517",689,487,212,98,31
E01004928 : Bolton 017C,"1,377",584,476,218,79,20
E01004930 : Bolton 017D,"1,514",688,561,207,47,11
E01004931 : Bolton 017E,"1,564",608,525,297,107,27
E01004932 : Bolton 017F,"1,484",633,518,220,92,21
E01004834 : Bolton 018A,"1,745",893,580,201,50,21
E01004838 : Bolton 018B,"2,008",944,640,258,118,48
E01004843 : Bolton 018C,"1,558",879,466,167,40,6
E01004845 : Bolton 018D,"1,871","1,054",548,190,49,30
E01004923 : Bolton 018E,"1,675",833,559,216,54,13
E01004796 : Bolton 019A,"1,576",686,570,233,64,23
E01004798 : Bolton 019B,"1,613",713,548,252,72,28
E01004799 : Bolton 019C,"1,272",535,452,205,67,13
E01004800 : Bolton 019D,"1,294",580,485,178,43,8
E01004801 : Bolton 019E,"1,674",737,519,259,132,27
E01004917 : Bolton 019F,"2,298","1,131",762,257,119,29
E01004835 : Bolton 020A,"1,461",721,491,189,48,12
E01004836 : Bolton 020B,"1,746",888,516,254,77,11
E01004837 : Bolton 020C,"1,562",851,488,162,45,16
E01004844 : Bolton 020D,"1,572",924,487,110,38,13
E01004897 : Bolton 020E,"1,013",504,364,111,28,6
E01004827 : Bolton 021A,"1,990","1,025",584,237,113,31
E01004849 : Bolton 021B,"1,794",965,530,197,80,22
E01004850 : Bolton 021C,"2,291","1,180",711,271,98,31
E01004851 : Bolton 021D,"1,690",801,492,251,106,40
E01004853 : Bolton 021E,"1,575",752,496,207,86,34
E01004811 : Bolton 022A,"1,847",796,641,265,96,49
E01004812 : Bolton 022B,"2,402","1,199",808,276,92,27
E01004813 : Bolton 022C,"1,748",815,597,213,97,26
E01004815 : Bolton 022D,"1,786",868,605,218,74,21
E01004817 : Bolton 022E,"2,063",952,685,312,85,29
E01004828 : Bolton 023A,"2,017","1,118",561,216,90,32
E01004829 : Bolton 023B,"1,458",665,523,190,63,17
E01004832 : Bolton 023C,"1,640",811,563,195,60,11
E01004854 : Bolton 023D,"1,658",814,527,221,77,19
E01004878 : Bolton 023E,"1,697",868,555,188,70,16
E01004911 : Bolton 024A,"1,539",611,556,260,92,20
E01004912 : Bolton 024B,"1,435",579,523,226,85,22
E01004913 : Bolton 024C,"1,955",899,707,252,85,12
E01004914 : Bolton 024D,"1,170",493,420,194,49,14
E01004915 : Bolton 024E,"1,274",534,487,189,51,13
E01004916 : Bolton 024F,"1,464",597,500,238,98,31
E01004918 : Bolton 024G,"1,225",556,424,180,47,18
E01004846 : Bolton 025A,"1,410",700,446,175,71,18
E01004847 : Bolton 025B,"2,282","1,201",657,248,142,34
E01004852 : Bolton 025C,"1,732",927,548,174,60,23
E01004877 : Bolton 025D,"2,073","1,043",610,257,125,38
E01004879 : Bolton 025E,"1,657",823,535,190,84,25
E01004830 : Bolton 026A,"1,754",820,516,260,119,39
E01004831 : Bolton 026B,"1,826",975,564,209,60,18
E01004833 : Bolton 026C,"1,529",707,525,213,64,20
E01004839 : Bolton 026D,"2,370","1,072",763,360,133,42
E01004814 : Bolton 027A,"1,604",808,497,211,64,24
E01004855 : Bolton 027B,"1,481",714,498,177,72,20
E01004856 : Bolton 027C,"1,537",721,481,207,106,22
E01004857 : Bolton 027D,"1,902",941,626,223,85,27
E01004891 : Bolton 028A,"1,539",681,534,233,72,19
E01004893 : Bolton 028B,"1,526",760,530,172,43,21
E01004894 : Bolton 028C,"1,924",932,657,234,80,21
E01004901 : Bolton 028E,"1,764",945,568,176,57,18
E01033218 : Bolton 028F,"1,573",928,463,126,40,16
E01033219 : Bolton 028G,"1,421",782,452,141,35,11
E01004816 : Bolton 029A,"2,939","1,467","1,073",275,89,35
E01004872 : Bolton 029B,"1,697",794,556,225,97,25
E01004873 : Bolton 029C,"2,021","1,040",618,249,92,22
E01004875 : Bolton 029D,"1,667",792,570,207,71,27
E01004880 : Bolton 029E,"1,476",763,470,190,46,7
E01004892 : Bolton 030A,"1,581",781,518,201,63,18
E01004896 : Bolton 030B,"1,314",613,435,181,57,28
E01004899 : Bolton 030C,"1,596",750,538,216,77,15
E01004900 : Bolton 030D,"1,612",880,494,166,53,19
E01004776 : Bolton 031A,"1,824",847,620,240,82,35
E01004895 : Bolton 031B,"1,327",502,488,221,96,20
E01004936 : Bolton 031C,"2,170",990,746,321,89,24
E01004938 : Bolton 031D,"1,549",685,461,241,124,38
E01004939 : Bolton 031E,"1,598",693,592,210,82,21
E01004858 : Bolton 032A,"1,583",657,541,255,97,33
E01004859 : Bolton 032B,"1,506",565,429,337,149,26
E01004860 : Bolton 032C,"1,470",646,503,213,80,28
E01004902 : Bolton 032D,"1,846",768,641,297,105,35
E01004906 : Bolton 032E,"1,795",653,671,323,115,33
E01004861 : Bolton 033A,"1,958",959,622,252,103,22
E01004862 : Bolton 033B,"1,436",632,433,229,108,34
E01004863 : Bolton 033C,"1,586",686,485,253,124,38
E01004874 : Bolton 033D,"1,757",860,557,232,84,24
E01004876 : Bolton 033E,"1,966",821,660,320,128,37
E01004903 : Bolton 034A,"1,444",777,490,133,32,12
E01004904 : Bolton 034B,"1,678",855,529,213,59,22
E01004905 : Bolton 034C,"1,596",736,553,201,86,20
E01004907 : Bolton 034D,"1,310",573,460,199,59,19
E01004908 : Bolton 034E,"1,297",569,453,190,68,17
E01004909 : Bolton 034F,"1,399",586,469,240,78,26
E01004910 : Bolton 034G,"2,051","1,020",740,199,80,12
E01004933 : Bolton 035A,"1,314",623,458,176,47,10
E01004934 : Bolton 035B,"1,442",707,488,188,43,16
E01004935 : Bolton 035C,"1,838",995,587,188,54,14
E01004937 : Bolton 035D,"1,637",883,536,173,36,9
E01004940 : Bolton 035E,"1,431",662,466,212,62,29
E01005014 : Bury 001A,"1,463",740,480,176,52,15
E01005015 : Bury 001B,"1,494",682,489,227,79,17
E01005016 : Bury 001C,"1,494",765,490,173,50,16
E01005017 : Bury 001D,"1,835","1,008",561,179,70,17
E01005018 : Bury 001E,"1,532",792,490,184,50,16
E01005021 : Bury 001F,"1,219",681,395,114,24,5
E01005019 : Bury 002A,"1,504",798,475,160,54,17
E01005023 : Bury 002B,"1,278",539,444,218,64,13
E01005046 : Bury 002C,"1,480",750,478,195,43,14
E01005048 : Bury 002D,"1,657",924,535,161,30,7
E01005020 : Bury 003A,"1,362",775,449,103,29,6
E01005022 : Bury 003B,"1,495",900,432,125,28,10
E01005047 : Bury 003C,"1,475",753,424,243,47,8
E01005049 : Bury 003D,"1,645",828,542,205,56,14
E01005051 : Bury 003E,"1,524",747,473,211,77,16
E01004976 : Bury 004A,"1,546",689,488,245,90,34
E01004977 : Bury 004B,"1,708",696,585,305,103,19
E01004978 : Bury 004C,"1,858",869,628,260,78,23
E01004981 : Bury 004D,"1,470",673,513,192,71,21
E01004982 : Bury 004E,"1,488",659,567,186,66,10
E01004961 : Bury 005A,"1,451",669,483,218,69,12
E01004965 : Bury 005B,"1,238",640,385,158,43,12
E01004966 : Bury 005C,"1,819",817,648,244,79,31
E01004967 : Bury 005D,"1,191",612,385,149,37,8
E01004963 : Bury 006A,"1,479",634,545,214,65,21
E01004968 : Bury 006B,"1,485",739,513,179,37,17
E01005050 : Bury 006C,"2,125","1,169",676,216,49,15
E01005052 : Bury 006D,"1,446",706,501,170,54,15
E01005053 : Bury 006E,"1,527",742,512,197,60,16
E01004954 : Bury 007A,"1,450",613,543,217,58,19
E01004955 : Bury 007B,"1,357",593,476,204,65,19
E01004956 : Bury 007C,"1,774",793,566,257,120,38
E01004957 : Bury 007D,"1,899",808,637,300,131,23
E01004960 : Bury 007E,"1,670",708,555,256,118,33
E01004958 : Bury 008A,"1,508",569,577,259,79,24
E01004959 : Bury 008B,"1,734",707,656,240,95,36
E01004979 : Bury 008C,"1,811",752,626,277,113,43
E01004980 : Bury 008D,"1,455",622,501,245,73,14
E01005024 : Bury 008E,"2,649","1,261",893,338,123,34
E01005026 : Bury 008F,"2,193","1,087",765,232,82,27
E01004947 : Bury 009A,"1,548",685,548,205,77,33
E01004948 : Bury 009B,"1,870",766,653,303,118,30
E01004962 : Bury 009C,"2,013","1,039",705,206,51,12
E01004964 : Bury 009D,"1,853",861,618,273,75,26
E01004949 : Bury 010A,"1,413",778,419,174,36,6
E01004950 : Bury 010B,"1,488",796,466,167,47,12
E01004951 : Bury 010C,"1,563",692,570,227,63,11
E01004952 : Bury 010D,"1,336",596,473,216,39,12
E01004953 : Bury 010E,"1,533",818,433,206,53,23
E01005025 : Bury 011A,"1,699",771,602,236,76,14
E01005027 : Bury 011B,"1,863",813,645,309,72,24
E01005028 : Bury 011C,"2,235","1,010",735,302,132,56
E01005029 : Bury 011D,"1,983",929,652,278,90,34
E01005000 : Bury 012A,"1,471",701,509,192,55,14
E01005001 : Bury 012B,"1,279",651,471,104,43,10
E01005005 : Bury 012C,"1,409",691,528,145,33,12
E01005006 : Bury 012D,"2,023","1,089",573,246,84,31
E01005030 : Bury 013A,"1,786",784,573,281,106,42
E01005054 : Bury 013B,"1,571",765,515,199,67,25
E01005059 : Bury 013C,"1,786",876,582,209,90,29
E01005060 : Bury 013D,"1,734",808,610,234,64,18
E01004997 : Bury 014A,"1,550",691,496,218,123,22
E01004998 : Bury 014B,"1,655",727,589,254,69,16
E01004999 : Bury 014C,"1,477",724,458,204,74,17
E01005002 : Bury 014D,"1,507",627,577,209,81,13
E01005003 : Bury 014E,"1,485",658,476,230,99,22
E01004991 : Bury 015A,"1,382",634,491,196,51,10
E01004992 : Bury 015B,"1,429",646,499,205,63,16
E01004993 : Bury 015C,"1,989","1,000",637,239,90,23
E01004994 : Bury 015D,"1,383",605,496,201,61,20
E01004990 : Bury 016A,"1,586",696,557,220,88,25
E01004996 : Bury 016B,"1,511",586,508,268,111,38
E01005004 : Bury 016C,"1,583",550,497,319,162,55
E01005008 : Bury 016D,"2,171",942,707,352,137,33
E01005009 : Bury 016E,"1,766",794,590,254,98,30
E01004945 : Bury 017A,"1,537",725,522,217,53,20
E01005055 : Bury 017B,"1,446",698,511,188,39,10
E01005056 : Bury 017C,"1,272",586,416,199,50,21
E01005057 : Bury 017D,"1,618",846,541,177,45,9
E01005058 : Bury 017E,"1,348",705,444,154,28,17
E01004995 : Bury 018A,"1,501",658,526,228,68,21
E01005010 : Bury 018B,"1,606",809,530,180,75,12
E01005012 : Bury 018C,"1,756",854,577,222,87,16
E01005013 : Bury 018D,"2,621","1,370",828,294,98,31
E01004984 : Bury 019A,"1,392",710,458,172,45,7
E01004985 : Bury 019B,"1,465",754,487,174,36,14
E01004989 : Bury 019C,"1,419",729,455,180,42,13
E01005007 : Bury 019D,"1,508",627,525,220,120,16
E01005011 : Bury 019E,"1,431",787,452,146,35,11
E01004983 : Bury 020A,"1,355",680,473,157,37,8
E01004986 : Bury 020B,"1,627",745,532,235,91,24
E01004987 : Bury 020C,"1,310",458,416,268,122,46
E01004988 : Bury 020D,"1,387",615,478,213,70,11
E01004941 : Bury 021A,"1,869",925,580,264,83,17
E01004942 : Bury 021B,"1,700",792,557,236,97,18
E01004943 : Bury 021C,"1,837",934,617,205,65,16
E01004944 : Bury 021D,"1,517",733,563,176,34,11
E01004946 : Bury 021E,"1,679",681,532,288,136,42
E01004969 : Bury 022A,"1,509",621,535,249,75,29
E01004970 : Bury 022B,"1,626",817,541,206,51,11
E01004971 : Bury 022C,"1,478",764,464,185,55,10
E01005034 : Bury 022D,"1,789",930,553,209,73,24
E01004972 : Bury 023A,"1,494",638,520,229,86,21
E01004973 : Bury 023B,"1,544",802,513,166,51,12
E01004975 : Bury 023C,"1,498",737,476,192,72,21
E01005039 : Bury 023D,"1,573",669,510,248,115,31
E01005045 : Bury 023E,"1,620",751,555,229,63,22
E01004974 : Bury 024A,"1,409",709,486,168,40,6
E01005033 : Bury 024B,"1,674","1,004",470,148,35,17
E01005036 : Bury 024C,"1,982",861,661,323,102,35
E01005037 : Bury 024D,"1,493",745,505,182,48,13
E01005031 : Bury 025A,"1,531",737,482,221,67,24
E01005032 : Bury 025B,"1,341",572,399,259,88,23
E01005035 : Bury 025C,"1,455",727,485,172,59,12
E01005038 : Bury 025D,"1,360",713,456,144,38,9
E01005040 : Bury 026A,"1,845",940,591,221,76,17
E01005041 : Bury 026B,"1,858","1,112",507,176,52,11
E01005042 : Bury 026C,"1,952","1,197",498,191,49,17
E01005043 : Bury 026D,"1,947","1,354",420,132,33,8
E01005044 : Bury 026E,"1,965","1,321",443,144,47,10
E01005098 : Manchester 001A,"1,631",708,497,243,129,54
E01005099 : Manchester 001B,"1,943",976,568,231,122,46
E01005100 : Manchester 001C,"1,658",783,494,234,111,36
E01005102 : Manchester 001D,"1,370",635,465,205,47,18
E01005103 : Manchester 001E,"1,835",802,555,290,136,52
E01005101 : Manchester 002A,"1,870",843,570,289,123,45
E01005135 : Manchester 002B,"1,868",913,571,259,96,29
E01005136 : Manchester 002C,"1,510",631,520,236,87,36
E01005138 : Manchester 002D,"2,480","1,264",713,330,142,31
E01034107 : Manchester 002F,"1,412",730,432,183,57,10
E01034108 : Manchester 002G,"2,074","1,106",622,218,93,35
E01005139 : Manchester 003B,"1,966",946,662,253,88,17
E01005141 : Manchester 003C,"1,974",884,589,319,140,42
E01005251 : Manchester 003D,"1,676",846,534,186,85,25
E01005252 : Manchester 003E,"1,931",863,572,333,113,50
E01033685 : Manchester 003F,"1,585",858,465,180,63,19
E01033687 : Manchester 003G,"1,341",464,380,303,156,38
E01005104 : Manchester 004A,"1,975",959,640,246,104,26
E01005160 : Manchester 004B,"1,974","1,005",612,248,86,23
E01005161 : Manchester 004C,"1,814",851,629,240,61,33
E01005162 : Manchester 004D,"1,897",965,565,249,95,23
E01005163 : Manchester 004E,"1,786",873,579,227,81,26
E01005247 : Manchester 005A,"1,421",639,483,196,82,21
E01005248 : Manchester 005B,"1,331",591,439,205,70,26
E01005249 : Manchester 005C,"2,199","1,044",698,300,130,27
E01005250 : Manchester 005D,"2,237","1,143",663,299,102,30
E01005253 : Manchester 005E,"1,705",814,519,240,96,36
E01005254 : Manchester 005F,"1,603",801,522,203,59,18
E01005164 : Manchester 006A,"2,343","1,204",700,285,111,43
E01005205 : Manchester 006B,"2,191","1,055",672,284,146,34
E01005206 : Manchester 006C,"1,875",944,558,235,110,28
E01005207 : Manchester 006D,"2,018","1,110",614,194,83,17
E01005223 : Manchester 007A,"1,617",841,488,179,93,16
E01005224 : Manchester 007B,"2,118","1,195",606,205,94,18
E01005225 : Manchester 007C,"2,093","1,026",622,261,141,43
E01005226 : Manchester 007D,"1,938","1,088",537,219,85,9
E01005229 : Manchester 007E,"1,504",751,475,202,65,11
E01005145 : Manchester 008A,"3,006","1,615",902,314,127,48
E01005149 : Manchester 008C,"2,184","1,172",644,255,93,20
E01005165 : Manchester 008D,"2,349","1,203",677,310,128,31
E01005166 : Manchester 008E,"2,142","1,054",630,307,121,30
E01005167 : Manchester 008F,"2,315","1,217",743,250,73,32
E01034109 : Manchester 008G,"1,525",845,457,156,52,15
E01034110 : Manchester 008H,"1,497",776,488,170,52,11
E01005202 : Manchester 009A,"2,383","1,249",610,280,173,71
E01005203 : Manchester 009B,"2,024",929,594,295,147,59
E01005227 : Manchester 009D,"2,077","1,130",575,228,119,25
E01005228 : Manchester 009E,"2,251","1,177",623,278,136,37
E01033678 : Manchester 009F,"1,776",925,525,213,77,36
E01033679 : Manchester 009G,"1,397",629,399,206,115,48
E01005256 : Manchester 011A,"2,640","1,283",782,363,167,45
E01005257 : Manchester 011B,"2,009",947,600,289,135,38
E01005258 : Manchester 011C,"1,800",827,500,297,135,41
E01005259 : Manchester 011D,"1,773",797,554,244,135,43
E01005260 : Manchester 011E,"1,469",695,447,217,90,20
E01005093 : Manchester 012A,"1,842",890,504,293,127,28
E01005094 : Manchester 012B,"1,690",856,468,202,126,38
E01005097 : Manchester 012C,"1,950","1,026",504,256,122,42
E01005255 : Manchester 012D,"1,665",737,509,225,153,41
E01005261 : Manchester 012E,"1,786",843,498,257,132,56
E01005092 : Manchester 015A,"1,945",979,541,240,124,61
E01005105 : Manchester 015C,"2,954","1,624",866,327,111,26
E01005106 : Manchester 015D,"2,333","1,164",698,281,136,54
E01005107 : Manchester 015E,"2,033","1,017",608,253,119,36
E01033668 : Manchester 015F,"1,155",624,322,146,44,19
E01033669 : Manchester 015G,"1,427",646,463,203,89,26
E01005189 : Manchester 017D,"1,688",672,524,275,157,60
E01005190 : Manchester 017E,"2,449","1,201",778,309,124,37
E01034111 : Manchester 017G,"1,571",781,449,216,95,30
E01034112 : Manchester 017H,"1,851",941,559,230,105,16
E01034113 : Manchester 017I,"1,486",792,415,172,77,30
E01034114 : Manchester 017J,"1,917",957,619,217,103,21
E01005061 : Manchester 018A,"1,786",861,519,265,103,38
E01005063 : Manchester 018C,"2,118","1,114",590,278,94,42
E01005065 : Manchester 018D,"2,176","1,118",669,252,98,39
E01005066 : Manchester 018E,"1,052",494,356,130,54,18
E01034115 : Manchester 018F,"1,894","1,067",572,171,67,17
E01034116 : Manchester 018G,"1,110",611,365,90,36,8
E01005208 : Manchester 019A,"2,808","1,501",936,261,90,20
E01005210 : Manchester 019C,"2,647","1,358",985,222,60,22
E01005214 : Manchester 019D,"2,389","1,316",785,209,66,13
E01034117 : Manchester 019E,"2,202","1,285",732,147,26,12
E01034118 : Manchester 019F,"1,026",466,345,134,59,22
E01005067 : Manchester 020A,"2,074","1,113",593,220,108,40
E01005186 : Manchester 020B,"2,896","1,408",865,379,168,76
E01005232 : Manchester 020C,"1,926",960,598,227,97,44
E01005235 : Manchester 020D,"2,079","1,008",630,273,135,33
E01005239 : Manchester 020E,"1,802",883,502,260,102,55
E01005187 : Manchester 021A,"2,246","1,191",633,251,109,62
E01005188 : Manchester 021B,"1,919",911,664,232,81,31
E01005191 : Manchester 021C,"1,860",851,607,257,114,31
E01005192 : Manchester 021D,"1,733",823,567,230,77,36
E01005193 : Manchester 021E,"1,770",818,584,242,90,36
E01005230 : Manchester 022B,"2,094",959,766,262,81,26
E01005231 : Manchester 022C,"2,503","1,286",933,205,65,14
E01005236 : Manchester 022D,"2,265","1,191",696,270,72,36
E01005237 : Manchester 022E,"2,037",963,660,295,92,27
E01034119 : Manchester 022H,"2,667","1,332",890,305,108,32
E01005195 : Manchester 023A,"2,447","1,277",716,287,120,47
E01005197 : Manchester 023C,"1,728",760,564,247,111,46
E01005198 : Manchester 023D,"2,050",981,629,264,140,36
E01005201 : Manchester 023E,"2,127","1,174",647,210,69,27
E01034120 : Manchester 023F,"1,776",929,533,175,107,32
E01034121 : Manchester 023G,"1,422",806,423,139,32,22
E01005243 : Manchester 024B,"2,911","1,436",949,338,135,53
E01005245 : Manchester 024C,"2,803","1,497",830,323,102,51
E01005246 : Manchester 024D,"2,540","1,404",781,251,75,29
E01034122 : Manchester 024E,"1,868","1,021",601,177,54,15
E01034123 : Manchester 024F,"1,761",931,512,205,91,22
E01005244 : Manchester 025C,"2,992","1,608",987,291,85,21
E01005285 : Manchester 025D,"1,536",780,456,189,77,34
E01005288 : Manchester 025E,"1,823",934,610,187,73,19
E01034124 : Manchester 025F,"1,571",857,467,175,59,13
E01034125 : Manchester 025G,"1,554",830,479,183,50,12
E01034126 : Manchester 025H,"1,655",917,512,169,43,14
E01034127 : Manchester 025I,"1,363",677,477,145,43,21
E01005280 : Manchester 026A,"2,177","1,037",732,276,96,36
E01005281 : Manchester 026B,"2,571","1,314",971,202,71,13
E01005284 : Manchester 026C,"2,598","1,362",929,231,49,27
E01005286 : Manchester 026D,"2,301","1,194",821,198,68,20
E01005287 : Manchester 026E,"2,347","1,087",724,339,142,55
E01005297 : Manchester 028A,"2,437","1,213",773,277,137,37
E01005298 : Manchester 028B,"1,814",966,587,180,70,11
E01005302 : Manchester 028C,"2,109","1,029",679,278,92,31
E01033680 : Manchester 028E,"1,261",608,415,158,63,17
E01033686 : Manchester 028F,"1,319",638,449,153,60,19
E01005150 : Manchester 029A,"1,696",881,586,175,46,8
E01005151 : Manchester 029B,"1,478",739,466,177,71,25
E01005152 : Manchester 029C,"1,435",868,410,123,27,7
E01005159 : Manchester 029D,"1,610",836,553,169,39,13
E01005296 : Manchester 029E,"1,567",852,458,178,56,23
E01005299 : Manchester 029F,"1,579",795,512,190,67,15
E01005178 : Manchester 030A,"2,010","1,028",622,237,83,40
E01005179 : Manchester 030B,"2,228","1,108",755,248,87,30
E01005180 : Manchester 030C,"1,920",838,607,289,140,46
E01005181 : Manchester 030D,"2,227","1,124",659,314,94,36
E01005182 : Manchester 030E,"1,619",800,492,211,91,25
E01005183 : Manchester 030F,"1,792",851,494,269,127,51
E01005219 : Manchester 031A,"2,277","1,080",787,296,91,23
E01005220 : Manchester 031B,"2,138","1,111",694,238,74,21
E01005221 : Manchester 031C,"2,557","1,255",900,287,96,19
E01005222 : Manchester 031D,"2,164","1,040",712,260,125,27
E01005184 : Manchester 032A,"2,295","1,252",738,222,55,28
E01005185 : Manchester 032B,"3,261","1,770","1,215",236,33,7
E01005271 : Manchester 032C,"1,985","1,039",736,156,42,12
E01034128 : Manchester 032F,"3,735","1,988","1,253",379,95,20
E01005154 : Manchester 033A,"1,427",823,435,102,35,32
E01005156 : Manchester 033B,"1,479",840,468,129,31,11
E01005158 : Manchester 033C,"1,491",770,438,196,71,16
E01005300 : Manchester 033D,"1,547",745,536,189,63,14
E01005301 : Manchester 033E,"1,479",805,473,158,36,7
E01005118 : Manchester 034A,"1,474",742,464,175,78,15
E01005120 : Manchester 034B,"1,903",896,638,243,98,28
E01005215 : Manchester 034C,"2,045",993,694,257,79,22
E01005216 : Manchester 034D,"1,529",795,501,168,45,20
E01005217 : Manchester 034E,"2,053","1,122",623,234,59,15
E01005218 : Manchester 034F,"1,689",793,535,233,95,33
E01005270 : Manchester 035A,"1,768",806,556,261,107,38
E01005272 : Manchester 035B,"1,971",857,588,313,158,55
E01005273 : Manchester 035C,"1,667",884,564,147,54,18
E01005278 : Manchester 035D,"1,853",978,601,191,67,16
E01005279 : Manchester 035E,"2,198","1,123",652,302,92,29
E01005305 : Manchester 036A,"1,709",912,554,186,46,11
E01005309 : Manchester 036B,"2,232","1,204",730,220,58,20
E01005310 : Manchester 036C,"1,986","1,062",651,175,74,24
E01005311 : Manchester 036D,"1,825",930,632,185,64,14
E01005312 : Manchester 036E,"1,982","1,074",637,169,87,15
E01005082 : Manchester 037A,"1,799",904,527,216,98,54
E01005153 : Manchester 037B,"1,544",851,453,159,61,20
E01005155 : Manchester 037C,"1,434",844,432,118,31,9
E01005157 : Manchester 037D,"1,530",937,463,95,31,4
E01005274 : Manchester 038A,"1,751",814,590,240,82,25
E01005275 : Manchester 038B,"1,783","1,090",540,108,36,9
E01005276 : Manchester 038C,"1,464",806,444,164,38,12
E01005277 : Manchester 038D,"1,677","1,055",482,98,32,10
E01005076 : Manchester 039A,"1,348",810,389,110,25,14
E01005081 : Manchester 039C,"1,824",836,580,254,126,28
E01005083 : Manchester 039D,"1,837","1,105",565,122,35,10
E01033670 : Manchester 039E,"1,446",967,403,59,15,2
E01033671 : Manchester 039F,"1,788","1,138",443,116,30,61
E01005125 : Manchester 040A,"1,575",786,473,192,89,35
E01005304 : Manchester 040B,"1,959","1,145",541,222,38,13
E01005306 : Manchester 040C,"1,580",913,458,156,43,10
E01005307 : Manchester 040D,"1,800","1,000",595,144,51,10
E01005308 : Manchester 040E,"1,688",880,523,201,66,18
E01005119 : Manchester 041A,"1,736",800,533,244,109,50
E01005121 : Manchester 041B,"1,687",746,573,199,142,27
E01005122 : Manchester 041C,"1,909",944,602,242,94,27
E01005123 : Manchester 041D,"1,774",848,546,244,98,38
E01005124 : Manchester 041E,"1,861",890,585,239,107,40
E01005077 : Manchester 042A,"1,674",783,522,221,112,36
E01005078 : Manchester 042B,"1,556",811,497,178,52,18
E01005079 : Manchester 042C,"1,642",860,520,199,48,15
E01005084 : Manchester 042D,"2,012",995,654,243,95,25
E01005172 : Manchester 043A,"1,533",798,479,182,55,19
E01005173 : Manchester 043B,"1,620",935,468,154,44,19
E01005174 : Manchester 043C,"1,558",943,464,111,34,6
E01005175 : Manchester 043D,"1,590",868,474,173,57,18
E01005176 : Manchester 043E,"1,682",976,516,122,54,14
E01005177 : Manchester 043F,"1,303",690,415,140,35,23
E01005115 : Manchester 044A,"1,898",946,590,246,90,26
E01005262 : Manchester 044B,"1,785",836,595,221,99,34
E01005264 : Manchester 044C,"1,649",693,535,285,111,25
E01005265 : Manchester 044D,"1,735",786,563,236,117,33
E01005266 : Manchester 044E,"2,052",975,644,292,120,21
E01005126 : Manchester 045A,"2,002","1,052",637,238,58,17
E01005168 : Manchester 045B,"1,404",809,434,119,29,13
E01005169 : Manchester 045C,"1,370",807,404,115,37,7
E01005170 : Manchester 045D,"1,520",836,450,170,43,21
E01005171 : Manchester 045E,"1,742",931,534,185,76,16
E01005263 : Manchester 046A,"1,736",735,552,304,104,41
E01005267 : Manchester 046B,"1,524",741,466,214,85,18
E01005268 : Manchester 046C,"2,185","1,138",670,261,91,25
E01005269 : Manchester 046D,"1,534",746,505,195,70,18
E01005069 : Manchester 047A,"1,418",690,452,188,65,23
E01005111 : Manchester 047B,"1,461",698,449,207,83,24
E01005113 : Manchester 047C,"1,670",665,524,321,120,40
E01005114 : Manchester 047D,"1,744",788,642,221,76,17
E01005116 : Manchester 047E,"2,089","1,024",633,291,109,32
E01005071 : Manchester 048A,"1,735",766,594,244,94,37
E01005072 : Manchester 048B,"1,780",867,569,205,101,38
E01005073 : Manchester 048C,"1,536",724,518,218,64,12
E01005112 : Manchester 048D,"1,723",836,547,224,95,21
E01005117 : Manchester 048E,"2,455","1,311",632,342,133,37
E01005085 : Manchester 049A,"1,673",853,484,214,100,22
E01005086 : Manchester 049B,"1,909",864,624,252,124,45
E01005089 : Manchester 049C,"1,970",912,623,280,129,26
E01005289 : Manchester 049D,"1,702",671,514,323,141,53
E01005295 : Manchester 049E,"2,641","1,338",840,296,129,38
E01005087 : Manchester 050A,"2,304","1,052",717,337,157,41
E01005088 : Manchester 050B,"1,933",848,626,269,137,53
E01005090 : Manchester 050C,"1,891",781,601,318,160,31
E01005091 : Manchester 050D,"2,381","1,210",729,285,110,47
E01005291 : Manchester 050E,"1,482",621,448,274,101,38
E01005068 : Manchester 051A,"1,690",770,530,250,106,34
E01005070 : Manchester 051B,"1,847",817,609,264,118,39
E01005074 : Manchester 051C,"1,623",721,525,241,103,33
E01005075 : Manchester 051D,"1,548",703,422,249,138,36
E01005319 : Manchester 051E,"2,323","1,097",736,308,120,62
E01005290 : Manchester 052A,"1,690",749,505,267,131,38
E01005292 : Manchester 052B,"1,522",647,512,237,100,26
E01005293 : Manchester 052C,"1,174",536,403,171,48,16
E01005294 : Manchester 052D,"1,617",776,520,219,83,19
E01005317 : Manchester 052E,"2,022",869,651,351,113,38
E01005313 : Manchester 053A,"1,515",682,497,213,100,23
E01005314 : Manchester 053B,"1,695",801,535,241,89,29
E01005315 : Manchester 053C,"1,726",667,556,310,141,52
E01005316 : Manchester 053D,"1,640",846,483,219,75,17
E01005318 : Manchester 053E,"1,990",876,617,301,107,89
E01005130 : Manchester 054A,"1,446",642,464,209,89,42
E01033651 : Manchester 054B,"1,691",961,586,111,27,6
E01033658 : Manchester 054C,"1,393",783,501,81,22,6
E01033664 : Manchester 054D,"1,859","1,085",631,122,18,3
E01033667 : Manchester 054E,"1,490",829,491,114,40,16
E01005128 : Manchester 055A,"2,027","1,198",705,113,9,2
E01033653 : Manchester 055B,"1,851",932,653,195,52,19
E01033654 : Manchester 055C,"1,791","1,064",608,100,18,1
E01033661 : Manchester 055E,"1,987","1,103",638,161,66,19
E01034129 : Manchester 055F,"1,082",626,373,76,7,0
E01034130 : Manchester 055G,"1,392",882,413,87,8,2
E01005143 : Manchester 056A,"3,007","1,576",933,335,111,52
E01033655 : Manchester 056B,"1,267",796,393,63,14,1
E01033665 : Manchester 056C,"1,522",820,530,117,44,11
E01033676 : Manchester 056D,"2,006",967,553,307,135,44
E01005212 : Manchester 057A,"3,127","1,544","1,206",274,76,27
E01033656 : Manchester 057B,"2,718","1,540","1,029",136,12,1
E01033662 : Manchester 057C,"2,015","1,200",651,113,38,13
E01005142 : Manchester 058A,"2,293","1,167",663,289,127,47
E01005147 : Manchester 058B,"2,783","1,456",830,338,116,43
E01033674 : Manchester 058C,"2,080",916,740,277,106,41
E01033675 : Manchester 058D,"2,208","1,220",627,229,99,33
E01005213 : Manchester 059A,"2,393","1,113",814,300,132,34
E01033660 : Manchester 059B,"1,438",893,476,63,4,2
E01033672 : Manchester 059C,"1,704",914,528,167,60,35
E01033673 : Manchester 059D,"1,444",898,480,54,11,1
E01033677 : Manchester 060A,"1,017",632,325,54,5,1
E01033681 : Manchester 060B,"1,330",824,411,78,14,3
E01033682 : Manchester 060C,"1,223",701,401,98,17,6
E01034131 : Manchester 060E,"1,024",650,315,51,8,0
E01034132 : Manchester 060F,"1,832","1,198",546,76,11,1
E01005129 : Manchester 061A,"1,840",910,575,222,93,40
E01005132 : Manchester 061B,"2,136","1,013",679,282,119,43
E01034133 : Manchester 061C,"1,868",977,507,224,114,46
E01034134 : Manchester 061D,"1,193",785,346,56,4,2
E01034135 : Manchester 062A,"1,113",674,335,69,28,7
E01033688 : Manchester 062B,"1,709",778,469,291,124,47
E01034136 : Manchester 062C,"1,010",637,289,75,7,2
E01033684 : Manchester 062D,"1,820","1,089",621,97,10,3
E01005234 : Manchester 063A,"2,313","1,119",774,301,87,32
E01005233 : Manchester 063B,"2,936","1,484",931,362,121,38
E01034137 : Manchester 063C,"1,732",801,622,214,62,33
E01005238 : Manchester 063D,"2,298","1,198",715,283,76,26
E01005200 : Manchester 064A,"2,459","1,145",809,336,131,38
E01034138 : Manchester 064B,"1,385",695,451,175,48,16
E01005199 : Manchester 064C,"2,514","1,309",799,290,93,23
E01005357 : Oldham 001A,"1,426",672,470,220,51,13
E01005358 : Oldham 001B,"1,569",677,523,253,88,28
E01005359 : Oldham 001C,"1,566",651,559,251,78,27
E01005360 : Oldham 001D,"1,380",536,493,263,69,19
E01005441 : Oldham 002A,"1,529",613,502,241,131,42
E01005442 : Oldham 002B,"1,331",589,518,161,48,15
E01005444 : Oldham 002C,"1,397",557,497,250,66,27
E01005445 : Oldham 002D,"1,424",666,459,197,75,27
E01005361 : Oldham 003A,"1,672",734,575,276,65,22
E01005443 : Oldham 003B,"1,314",690,433,147,36,8
E01005446 : Oldham 003C,"1,406",641,493,203,54,15
E01005447 : Oldham 003D,"1,647",629,483,346,144,45
E01005390 : Oldham 004A,"1,361",623,492,178,52,16
E01005394 : Oldham 004B,"1,450",752,443,188,50,17
E01005395 : Oldham 004C,"1,430",678,498,178,59,17
E01005396 : Oldham 004D,"1,432",640,500,226,47,19
E01005355 : Oldham 005A,"1,460",667,498,202,74,19
E01005356 : Oldham 005B,"1,253",638,424,138,45,8
E01005399 : Oldham 005C,"1,585",688,553,240,79,25
E01005403 : Oldham 005D,"1,735",888,587,202,45,13
E01005410 : Oldham 006A,"1,494",813,461,172,36,12
E01005411 : Oldham 006B,"1,565",684,526,265,72,18
E01005414 : Oldham 006C,"1,335",777,378,119,48,13
E01005415 : Oldham 006D,"1,109",493,391,153,47,25
E01005452 : Oldham 007C,"1,278",598,430,184,52,14
E01005453 : Oldham 007D,"1,553",797,526,177,48,5
E01032558 : Oldham 007E,"1,727",847,522,238,93,27
E01032559 : Oldham 007F,"2,750","1,391",851,351,117,40
E01005391 : Oldham 008A,"1,559",784,483,215,59,18
E01005392 : Oldham 008B,"1,591",625,476,329,124,37
E01005393 : Oldham 008C,"1,222",535,416,208,53,10
E01005401 : Oldham 008D,"1,585",762,510,236,58,19
E01005397 : Oldham 009A,"1,328",568,466,193,85,16
E01005398 : Oldham 009B,"1,530",709,514,218,74,15
E01005400 : Oldham 009C,"1,526",549,534,285,116,42
E01005402 : Oldham 009D,"1,644",825,527,209,62,21
E01005335 : Oldham 010A,"1,290",668,417,164,35,6
E01005337 : Oldham 010B,"2,548","1,233",906,300,84,25
E01005339 : Oldham 010C,"1,485",759,500,188,36,2
E01005340 : Oldham 010D,"1,600",721,499,248,94,38
E01005421 : Oldham 011A,"1,816",826,551,289,114,36
E01005422 : Oldham 011B,"1,551",747,496,218,76,14
E01032920 : Oldham 011E,"2,585","1,222",869,351,113,30
E01005448 : Oldham 012A,"1,643",667,522,300,118,36
E01005449 : Oldham 012B,"1,586",659,478,271,139,39
E01005454 : Oldham 012C,"1,380",676,445,200,49,10
E01005455 : Oldham 012D,"1,465",738,481,179,57,10
E01005456 : Oldham 012E,"1,681",747,520,252,123,39
E01005407 : Oldham 013A,"1,719",933,566,171,44,5
E01005412 : Oldham 013B,"1,686",888,550,190,48,10
E01005416 : Oldham 013C,"1,521",850,448,167,43,13
E01005417 : Oldham 013D,"1,554",804,492,187,61,10
E01005348 : Oldham 014A,"2,423","1,192",731,303,154,43
E01005350 : Oldham 014B,"2,408",999,683,435,201,90
E01005432 : Oldham 014C,"1,826",807,568,313,112,26
E01005433 : Oldham 014D,"2,479","1,205",798,304,120,52
E01005329 : Oldham 015A,"1,501",755,518,166,45,17
E01005330 : Oldham 015B,"1,735",893,570,197,54,21
E01005333 : Oldham 015C,"1,237",615,431,142,41,8
E01005336 : Oldham 015D,"1,521",725,533,192,61,10
E01005349 : Oldham 016A,"2,506","1,167",881,317,118,23
E01005351 : Oldham 016B,"2,085","1,061",637,265,94,28
E01005352 : Oldham 016C,"1,529",681,513,226,86,23
E01005353 : Oldham 016D,"1,510",662,529,201,84,34
E01005354 : Oldham 016E,"1,804",864,591,248,78,23
E01005327 : Oldham 017A,"1,969",900,625,323,95,26
E01005328 : Oldham 017B,"1,790",734,601,302,118,35
E01005331 : Oldham 017C,"1,726",812,600,229,64,21
E01005334 : Oldham 017D,"1,425",794,456,138,28,9
E01005338 : Oldham 017E,"1,941",798,638,303,152,50
E01005387 : Oldham 018A,"1,472",675,545,202,40,10
E01005388 : Oldham 018B,"1,339",606,451,202,60,20
E01005389 : Oldham 018C,"1,767",762,628,246,103,28
E01005418 : Oldham 018D,"1,410",690,473,194,35,18
E01005428 : Oldham 019A,"2,363","1,276",717,270,72,28
E01005431 : Oldham 019B,"1,863",841,652,258,87,25
E01005450 : Oldham 019C,"2,138","1,013",732,268,82,43
E01005451 : Oldham 019D,"1,548",727,579,175,52,15
E01005408 : Oldham 020C,"2,016","1,043",649,234,74,16
E01005409 : Oldham 020D,"1,570",842,511,171,36,10
E01032922 : Oldham 020E,"2,415","1,128",828,326,100,33
E01005406 : Oldham 021A,"1,407",782,409,160,41,15
E01005413 : Oldham 021B,"1,591",863,520,166,35,7
E01005419 : Oldham 021C,"1,451",677,516,185,63,10
E01005420 : Oldham 021D,"1,615",691,551,257,83,33
E01005321 : Oldham 022A,"2,334","1,095",755,309,137,38
E01005326 : Oldham 022B,"2,997","1,448",893,446,154,56
E01005427 : Oldham 022C,"2,214","1,010",742,296,138,28
E01005429 : Oldham 022D,"1,920",903,657,241,87,32
E01005430 : Oldham 022E,"2,855","1,476",907,311,124,37
E01005320 : Oldham 024A,"2,699","1,371",855,355,89,29
E01005434 : Oldham 024B,"2,160",964,736,309,124,27
E01005437 : Oldham 024C,"2,048",963,706,284,72,23
E01005459 : Oldham 024D,"1,770",829,533,225,145,38
E01005383 : Oldham 026A,"2,193","1,083",709,252,117,32
E01005386 : Oldham 026D,"1,548",654,495,248,114,37
E01032556 : Oldham 026E,"1,504",688,538,188,68,22
E01032557 : Oldham 026F,"1,819",799,562,296,124,38
E01005342 : Oldham 027A,"1,592",645,496,290,131,30
E01005343 : Oldham 027B,"1,415",623,461,226,78,27
E01005344 : Oldham 027C,"1,912",894,642,247,89,40
E01005381 : Oldham 027D,"1,956",906,613,255,149,33
E01005332 : Oldham 028A,"2,295",961,813,364,114,43
E01005341 : Oldham 028B,"1,413",660,480,189,68,16
E01005345 : Oldham 028C,"1,503",704,517,196,75,11
E01005346 : Oldham 028D,"1,394",616,445,237,76,20
E01005347 : Oldham 028E,"1,311",599,471,174,47,20
E01005322 : Oldham 029A,"1,509",684,449,237,98,41
E01005323 : Oldham 029B,"1,570",678,462,285,105,40
E01005324 : Oldham 029C,"1,620",675,547,263,109,26
E01005325 : Oldham 029D,"1,498",700,422,262,87,27
E01005438 : Oldham 029E,"2,965","1,464","1,015",341,114,31
E01005377 : Oldham 030A,"1,749",857,552,226,87,27
E01005379 : Oldham 030B,"1,295",578,419,201,76,21
E01005380 : Oldham 030C,"1,514",711,470,225,83,25
E01005382 : Oldham 030D,"1,609",667,525,293,94,30
E01005439 : Oldham 030E,"1,588",669,580,248,69,22
E01005362 : Oldham 031A,"1,362",608,488,197,55,14
E01005364 : Oldham 031B,"1,584",736,572,187,76,13
E01005368 : Oldham 031C,"1,516",666,493,250,82,25
E01005376 : Oldham 031D,"1,444",654,456,218,93,23
E01005378 : Oldham 031E,"1,559",720,495,228,91,25
E01005363 : Oldham 032A,"1,772",813,557,239,137,26
E01005369 : Oldham 032B,"1,965",891,656,266,96,56
E01005370 : Oldham 032C,"1,578",594,530,294,129,31
E01005371 : Oldham 032D,"1,472",701,493,196,66,16
E01005365 : Oldham 033A,"1,377",673,454,185,48,17
E01005366 : Oldham 033B,"1,556",577,511,304,122,42
E01005367 : Oldham 033C,"1,420",736,439,178,48,19
E01005440 : Oldham 033D,"1,451",613,495,233,82,28
E01005372 : Oldham 034A,"1,276",648,407,156,50,15
E01005373 : Oldham 034B,"1,193",567,402,165,47,12
E01005374 : Oldham 034C,"1,486",663,507,200,93,23
E01005375 : Oldham 034D,"1,503",710,535,186,54,18
E01034232 : Oldham 036A,"1,692",877,470,240,78,27
E01034233 : Oldham 036B,"1,608",775,530,211,80,12
E01005460 : Oldham 036C,"2,705","1,318",910,327,122,28
E01005463 : Oldham 036D,"1,687",832,559,215,55,26
E01005461 : Oldham 037A,"2,423","1,191",778,305,122,27
E01005435 : Oldham 037B,"2,032","1,039",630,241,101,21
E01005462 : Oldham 037C,"2,204","1,070",724,291,98,21
E01005436 : Oldham 037D,"1,828",941,573,235,60,19
E01005518 : Rochdale 001A,"1,592",785,478,218,87,24
E01005520 : Rochdale 001B,"1,715",791,610,228,71,15
E01005522 : Rochdale 001C,"1,484",658,494,224,82,26
E01005523 : Rochdale 001D,"1,832",888,598,255,75,16
E01005519 : Rochdale 002A,"1,564",842,498,166,45,13
E01005594 : Rochdale 002B,"1,512",721,532,172,72,15
E01005597 : Rochdale 002C,"1,979","1,045",634,220,67,13
E01005598 : Rochdale 002D,"1,549",707,571,207,53,11
E01005516 : Rochdale 003A,"1,281",627,437,159,49,9
E01005517 : Rochdale 003B,"1,435",620,512,219,64,20
E01005521 : Rochdale 003C,"1,451",720,464,203,50,14
E01005596 : Rochdale 003D,"2,156","1,083",723,267,67,16
E01005578 : Rochdale 004A,"1,545",653,508,255,94,35
E01005579 : Rochdale 004B,"1,861",922,590,224,96,29
E01005586 : Rochdale 004C,"1,615",729,479,259,102,46
E01005593 : Rochdale 004D,"2,058","1,063",635,259,74,27
E01005595 : Rochdale 004E,"1,330",459,415,268,143,45
E01005489 : Rochdale 005A,"1,249",556,467,166,51,9
E01005490 : Rochdale 005B,"1,571",599,605,242,105,20
E01005491 : Rochdale 005C,"1,435",613,524,216,68,14
E01005493 : Rochdale 005D,"1,759",885,587,217,57,13
E01005494 : Rochdale 005E,"1,759",809,599,243,89,19
E01005495 : Rochdale 005F,"1,769",743,627,282,91,26
E01005488 : Rochdale 006A,"1,507",865,486,120,29,7
E01005492 : Rochdale 006B,"1,534",742,498,232,47,15
E01005499 : Rochdale 006C,"1,512",763,497,172,63,17
E01005571 : Rochdale 006D,"1,648",908,526,148,49,17
E01005570 : Rochdale 007A,"1,307",617,448,151,81,10
E01005572 : Rochdale 007B,"1,499",795,465,175,51,13
E01005573 : Rochdale 007C,"1,432",767,474,129,46,16
E01005574 : Rochdale 007D,"1,728",930,543,183,60,12
E01005587 : Rochdale 007E,"1,366",781,438,112,21,14
E01005588 : Rochdale 007F,"1,316",474,475,243,99,25
E01005580 : Rochdale 008A,"1,651",791,562,221,64,13
E01005581 : Rochdale 008B,"1,971",963,593,253,111,51
E01005583 : Rochdale 008D,"1,746",774,547,279,110,36
E01005585 : Rochdale 008F,"1,566",749,540,181,80,16
E01034234 : Rochdale 008H,"1,763",859,571,216,92,25
E01034235 : Rochdale 008I,"1,666",768,544,235,95,24
E01005496 : Rochdale 009A,"1,322",582,462,181,74,23
E01005589 : Rochdale 009B,"1,702",791,583,236,71,21
E01005590 : Rochdale 009C,"1,907",849,688,260,87,23
E01005591 : Rochdale 009D,"1,589",775,497,246,58,13
E01005592 : Rochdale 009E,"1,639",726,574,222,94,23
E01005472 : Rochdale 010A,"1,647",741,555,222,98,31
E01005473 : Rochdale 010B,"1,697",797,557,230,90,23
E01005482 : Rochdale 010C,"1,660",622,510,305,173,50
E01005483 : Rochdale 010D,"1,485",570,537,249,106,23
E01005484 : Rochdale 010E,"2,032",877,703,276,141,35
E01005486 : Rochdale 010F,"1,701",799,583,223,72,24
E01005487 : Rochdale 010G,"1,788",841,598,248,82,19
E01005474 : Rochdale 011A,"1,318",586,433,183,104,12
E01005575 : Rochdale 011B,"1,716",811,613,225,50,17
E01005576 : Rochdale 011C,"1,523",813,480,178,41,11
E01005577 : Rochdale 011D,"1,456",788,456,165,39,8
E01005469 : Rochdale 012A,"1,822",819,674,234,79,16
E01005563 : Rochdale 012B,"2,169","1,000",752,303,82,32
E01005565 : Rochdale 012C,"1,570",731,477,242,94,26
E01005566 : Rochdale 012D,"2,344","1,104",800,299,117,24
E01005568 : Rochdale 012E,"1,940",944,556,310,107,23
E01005569 : Rochdale 012F,"1,793",777,606,271,105,34
E01005556 : Rochdale 013A,"1,529",668,553,222,70,16
E01005559 : Rochdale 013B,"1,469",621,465,262,90,31
E01005560 : Rochdale 013C,"1,462",615,521,242,69,15
E01005567 : Rochdale 013D,"1,880",911,634,239,76,20
E01005555 : Rochdale 014A,"1,385",712,464,159,40,10
E01005557 : Rochdale 014B,"1,139",503,412,173,34,17
E01005558 : Rochdale 014C,"1,594",714,524,244,83,29
E01005561 : Rochdale 014D,"1,412",624,516,199,64,9
E01005562 : Rochdale 014E,"1,509",706,478,209,87,29
E01005470 : Rochdale 015A,"2,033",975,680,245,95,38
E01005471 : Rochdale 015B,"1,696",804,564,230,79,19
E01005475 : Rochdale 015C,"1,778",772,607,266,106,27
E01005485 : Rochdale 015D,"2,377","1,060",734,364,169,50
E01005564 : Rochdale 015E,"2,410","1,196",744,331,111,28
E01005464 : Rochdale 016A,"1,966",935,610,267,117,37
E01005465 : Rochdale 016B,"1,810",830,612,234,111,23
E01005466 : Rochdale 016C,"2,485","1,077",789,381,177,61
E01005467 : Rochdale 016D,"1,973",914,613,277,128,41
E01005468 : Rochdale 016E,"2,166","1,280",633,192,48,13
E01005476 : Rochdale 017A,"1,793",862,608,230,71,22
E01005477 : Rochdale 017B,"1,771",709,616,298,113,35
E01005478 : Rochdale 017C,"1,587",679,570,237,77,24
E01005479 : Rochdale 017D,"1,977",953,620,289,97,18
E01005480 : Rochdale 017E,"1,645",707,549,263,88,38
E01005481 : Rochdale 017F,"1,679",742,536,269,102,30
E01005497 : Rochdale 018A,"1,891",897,637,228,98,31
E01005501 : Rochdale 018B,"1,784",672,579,312,173,48
E01005502 : Rochdale 018C,"1,377",600,435,243,66,33
E01005504 : Rochdale 018D,"1,641",754,526,257,78,26
E01005505 : Rochdale 018E,"2,185","1,053",721,288,84,39
E01005509 : Rochdale 018F,"1,442",522,530,252,116,22
E01005510 : Rochdale 019A,"1,095",509,380,148,50,8
E01005511 : Rochdale 019B,"1,253",553,401,200,86,13
E01005512 : Rochdale 019C,"1,440",623,520,201,77,19
E01005513 : Rochdale 019D,"1,555",685,499,245,102,24
E01005514 : Rochdale 019E,"1,844",900,598,238,91,17
E01005515 : Rochdale 019F,"1,798",796,545,285,133,39
E01005498 : Rochdale 020A,"1,372",674,440,189,50,19
E01005500 : Rochdale 020B,"1,593",750,534,205,88,16
E01005503 : Rochdale 020C,"1,317",686,432,148,38,13
E01005506 : Rochdale 020D,"1,545",653,535,252,75,30
E01005507 : Rochdale 020E,"2,261","1,209",726,251,55,20
E01005508 : Rochdale 020F,"2,015","1,119",629,200,54,13
E01005524 : Rochdale 021A,"1,470",675,487,217,78,13
E01005525 : Rochdale 021B,"1,889",873,578,269,123,46
E01005526 : Rochdale 021C,"1,908",962,595,237,96,18
E01005528 : Rochdale 021D,"1,550",670,539,238,88,15
E01005536 : Rochdale 021E,"1,713",820,538,250,79,26
E01005543 : Rochdale 021F,"1,252",602,395,163,83,9
E01005527 : Rochdale 022A,"2,059",983,616,278,148,34
E01005529 : Rochdale 022B,"1,658",695,546,282,105,30
E01005551 : Rochdale 022C,"2,026",928,626,292,136,44
E01005552 : Rochdale 022D,"2,342","1,082",724,316,162,58
E01005553 : Rochdale 022E,"2,034",914,643,301,131,45
E01005554 : Rochdale 022F,"2,157","1,216",645,196,79,21
E01005534 : Rochdale 023A,"1,417",661,459,198,81,18
E01005535 : Rochdale 023B,"1,467",650,520,204,76,17
E01005537 : Rochdale 023C,"1,269",537,456,204,60,12
E01005538 : Rochdale 023D,"1,482",706,494,185,77,20
E01005540 : Rochdale 023E,"1,345",673,426,171,54,21
E01005541 : Rochdale 023F,"1,536",694,536,224,67,15
E01005542 : Rochdale 023G,"1,615",730,514,235,99,37
E01005533 : Rochdale 024A,"1,623",732,555,218,82,36
E01005539 : Rochdale 024B,"1,314",534,437,240,80,23
E01005546 : Rochdale 024C,"1,243",531,413,210,63,26
E01005547 : Rochdale 024D,"1,755",891,542,216,86,20
E01005548 : Rochdale 024E,"1,278",557,407,211,81,22
E01005530 : Rochdale 025A,"1,458",718,470,190,68,12
E01005531 : Rochdale 025B,"1,158",558,389,157,42,12
E01005532 : Rochdale 025C,"1,549",733,487,204,96,29
E01005544 : Rochdale 025D,"1,475",782,487,155,39,12
E01005545 : Rochdale 025E,"1,248",657,407,137,42,5
E01005549 : Rochdale 025F,"1,546",849,472,167,37,21
E01005550 : Rochdale 025G,"1,466",705,492,202,52,15
E01005659 : Salford 001A,"1,544",642,501,265,108,28
E01005660 : Salford 001B,"1,823",807,560,292,121,43
E01005663 : Salford 001C,"1,529",779,470,189,68,23
E01005664 : Salford 001D,"1,708",819,530,226,102,31
E01005665 : Salford 001E,"2,104",934,639,333,159,39
E01005703 : Salford 002A,"1,748",776,534,264,133,41
E01005704 : Salford 002B,"1,344",570,462,206,80,26
E01005706 : Salford 002C,"1,538",617,509,260,121,31
E01005708 : Salford 002D,"1,435",595,471,237,105,27
E01005702 : Salford 003A,"2,637","1,283",820,343,152,39
E01005707 : Salford 003C,"1,752",747,600,259,112,34
E01033976 : Salford 003D,"1,965","1,178",606,139,26,16
E01033977 : Salford 003E,"1,143",506,383,154,80,20
E01005661 : Salford 004A,"1,900",802,671,279,112,36
E01005662 : Salford 004B,"1,623",688,525,258,121,31
E01005709 : Salford 004C,"1,606",666,501,262,123,54
E01005710 : Salford 004D,"2,144","1,105",670,260,81,28
E01005670 : Salford 005A,"1,759",818,522,254,125,40
E01005672 : Salford 005B,"1,276",564,483,157,58,14
E01005676 : Salford 005C,"1,225",539,446,171,56,13
E01005677 : Salford 005D,"1,581",708,556,207,87,23
E01005686 : Salford 006A,"1,465",659,506,212,72,16
E01005688 : Salford 006B,"1,565",736,539,209,60,21
E01005691 : Salford 006C,"1,414",567,521,231,74,21
E01005692 : Salford 006D,"1,375",526,456,230,138,25
E01005711 : Salford 007A,"1,396",678,466,168,60,24
E01005712 : Salford 007B,"1,839",909,631,201,79,19
E01005713 : Salford 007C,"1,628",843,515,197,58,15
E01005714 : Salford 007D,"1,712",824,540,229,91,28
E01005715 : Salford 007E,"1,746",909,579,180,61,17
E01005718 : Salford 007F,"1,601",742,517,240,78,24
E01005673 : Salford 008A,"1,486",696,516,191,61,22
E01005678 : Salford 008C,"1,569",702,524,232,82,29
E01005679 : Salford 008D,"1,549",740,495,193,92,29
E01033978 : Salford 008E,"1,027",573,328,89,30,7
E01033979 : Salford 008F,"2,044",849,749,334,94,18
E01005687 : Salford 009A,"1,804",835,649,218,78,24
E01005689 : Salford 009B,"1,366",593,474,197,77,25
E01005690 : Salford 009C,"1,568",706,540,208,93,21
E01005693 : Salford 009D,"1,432",665,524,189,35,19
E01005646 : Salford 010A,"2,252","1,524",478,211,33,6
E01005649 : Salford 010B,"1,723","1,082",423,160,48,10
E01005650 : Salford 010C,"1,993","1,308",433,165,64,23
E01005651 : Salford 010D,"2,276","1,609",438,148,65,16
E01005647 : Salford 011A,"1,501",858,365,207,47,24
E01005648 : Salford 011B,"2,351","1,314",725,218,75,19
E01005652 : Salford 011C,"1,555",770,467,217,74,27
E01005653 : Salford 011D,"1,563",762,493,190,92,26
E01005671 : Salford 012A,"1,566",698,517,237,83,31
E01005674 : Salford 012B,"1,573",717,479,261,95,21
E01005694 : Salford 012C,"1,708",901,556,181,49,21
E01005696 : Salford 012D,"1,784",935,569,200,60,20
E01005698 : Salford 012E,"1,745",755,532,306,112,40
E01005700 : Salford 012F,"1,516",714,504,214,65,19
E01005716 : Salford 013A,"1,634",886,539,160,37,12
E01005717 : Salford 013B,"1,555",946,486,101,16,6
E01005734 : Salford 013C,"1,417",653,449,216,78,21
E01005735 : Salford 013D,"1,423",735,463,167,41,17
E01005736 : Salford 013E,"1,368",688,456,161,47,16
E01005737 : Salford 013F,"1,511",864,458,138,34,17
E01005739 : Salford 013G,"2,000","1,230",550,161,39,20
E01005695 : Salford 014A,"1,556",903,471,144,29,9
E01005697 : Salford 014B,"1,531",837,475,172,34,13
E01005738 : Salford 014C,"1,933","1,034",601,243,44,11
E01005740 : Salford 014D,"1,597",881,474,163,57,22
E01005741 : Salford 014E,"1,679","1,006",488,140,39,6
E01005742 : Salford 014F,"1,556",863,486,149,43,15
E01005625 : Salford 015A,"1,371",676,453,179,56,7
E01005627 : Salford 015B,"1,172",577,399,138,45,13
E01005699 : Salford 015C,"1,790",885,627,210,59,9
E01005701 : Salford 015D,"1,826",890,600,244,69,23
E01005624 : Salford 017A,"1,841",834,629,252,95,31
E01005680 : Salford 017B,"1,731",688,579,276,136,52
E01005683 : Salford 017C,"2,148",997,679,274,138,60
E01033980 : Salford 017G,"1,042",518,372,104,44,4
E01033981 : Salford 017H,"2,739","1,397",932,265,98,47
E01005622 : Salford 018A,"1,594",753,530,236,64,11
E01005623 : Salford 018B,"1,266",676,398,135,38,19
E01005626 : Salford 018C,"1,286",600,467,157,46,16
E01005628 : Salford 018D,"1,576",696,573,201,79,27
E01005725 : Salford 019A,"1,461",644,475,205,107,30
E01005726 : Salford 019B,"1,432",643,502,195,76,16
E01005727 : Salford 019C,"1,349",629,475,164,59,22
E01005728 : Salford 019D,"1,790",928,636,168,45,13
E01005733 : Salford 019E,"1,470",710,467,174,101,18
E01005631 : Salford 020A,"1,576",563,436,363,169,45
E01005632 : Salford 020B,"2,452","1,291",752,263,109,37
E01005633 : Salford 020C,"1,533",683,511,217,90,32
E01005634 : Salford 020D,"1,591",916,499,140,30,6
E01005635 : Salford 020E,"1,552",753,465,245,70,19
E01005636 : Salford 020F,"1,597",831,481,192,69,24
E01005637 : Salford 020G,"1,454",711,486,181,58,18
E01005629 : Salford 021A,"1,486",731,460,201,74,20
E01005630 : Salford 021B,"1,529",764,489,204,56,16
E01005719 : Salford 021C,"2,036",921,640,317,122,36
E01005722 : Salford 021E,"2,032",945,647,285,126,29
E01005723 : Salford 021F,"1,661",804,505,225,99,28
E01005724 : Salford 021G,"1,413",708,424,197,68,16
E01033982 : Salford 021H,"1,911",944,614,234,90,29
E01033983 : Salford 021I,"1,275",608,472,126,56,13
E01005654 : Salford 023A,"1,967","1,056",614,208,68,21
E01005656 : Salford 023B,"1,697",756,623,212,80,26
E01005657 : Salford 023C,"1,804",856,585,226,108,29
E01005721 : Salford 023D,"1,552",607,541,252,123,29
E01005681 : Salford 024C,"1,502",642,493,236,94,37
E01005682 : Salford 024D,"1,742",699,479,338,172,54
E01033984 : Salford 024E,"2,443","1,175",758,330,120,60
E01005729 : Salford 025A,"1,537",642,454,296,109,36
E01005730 : Salford 025B,"1,668",783,609,208,60,8
E01005731 : Salford 025C,"1,566",693,551,205,97,20
E01005732 : Salford 025D,"1,208",519,375,201,86,27
E01005599 : Salford 026A,"1,903",853,611,294,105,40
E01005600 : Salford 026B,"2,035","1,065",633,235,80,22
E01005601 : Salford 026C,"1,740",780,572,274,85,29
E01005602 : Salford 026D,"1,674",745,503,289,102,35
E01005603 : Salford 027A,"1,810",908,579,234,67,22
E01005604 : Salford 027B,"1,651",739,568,242,83,19
E01005605 : Salford 027C,"1,658",811,529,222,72,24
E01005638 : Salford 027D,"2,210","1,019",717,333,111,30
E01005639 : Salford 029A,"1,515",691,472,196,126,30
E01005640 : Salford 029B,"1,359",594,452,189,104,20
E01005641 : Salford 029C,"1,365",554,446,224,110,31
E01005642 : Salford 029D,"1,208",594,432,124,46,12
E01005643 : Salford 029E,"1,367",563,476,236,75,17
E01005644 : Salford 029F,"1,518",742,536,181,48,11
E01005645 : Salford 029G,"1,362",590,481,218,55,18
E01005616 : Salford 030A,"1,446",607,492,239,81,27
E01005617 : Salford 030B,"1,481",690,510,198,71,12
E01005618 : Salford 030C,"2,081","1,048",653,256,99,25
E01005619 : Salford 030D,"1,231",550,423,166,70,22
E01005620 : Salford 030E,"2,550","1,370",827,262,68,23
E01005621 : Salford 030F,"1,770",762,609,269,99,31
E01005613 : Salford 031A,"2,699","1,397",797,307,161,37
E01005612 : Salford 031B,"2,481","1,279",633,356,168,45
E01005614 : Salford 031C,"3,098","2,471",440,125,51,11
E01033985 : Salford 032A,"1,664",853,467,182,119,43
E01033986 : Salford 032B,"1,521",854,474,120,63,10
E01005611 : Salford 032C,"2,513","1,190",871,292,124,36
E01005615 : Salford 032D,"2,372","1,479",542,197,118,36
E01033987 : Salford 033A,"1,137",698,379,48,9,3
E01033988 : Salford 033B,"1,310",779,436,79,15,1
E01033989 : Salford 033C,"1,132",608,385,96,33,10
E01033990 : Salford 033D,"1,189",771,329,74,11,4
E01033330 : Salford 033E,"1,541",655,504,236,104,42
E01032909 : Salford 033F,"1,716","1,107",521,75,13,0
E01033991 : Salford 034A,"1,561",736,549,162,94,20
E01033992 : Salford 034B,"1,400",868,452,67,10,3
E01005610 : Salford 034C,"2,940","1,432","1,124",277,79,28
E01032684 : Salford 034D,"1,386",692,475,138,67,14
E01032906 : Salford 034E,"2,044","1,148",650,174,56,16
E01032914 : Salford 035A,"2,121","1,114",750,193,54,10
E01032912 : Salford 035B,"2,273","1,106",725,266,130,46
E01005667 : Salford 035C,"2,274","1,057",732,315,128,42
E01033993 : Salford 036A,"1,813","1,027",588,137,45,16
E01033994 : Salford 036B,"1,173",706,397,59,9,2
E01032915 : Salford 036C,"2,138","1,077",680,242,105,34
E01033995 : Salford 037A,"1,206",676,428,80,16,6
E01033996 : Salford 037B,"1,215",706,396,100,10,3
E01033997 : Salford 037C,"1,030",555,356,102,16,1
E01033998 : Salford 037D,"1,330",755,456,92,22,5
E01033999 : Salford 037E,"1,222",665,425,116,16,0
E01005886 : Stockport 001A,"1,468",684,508,176,80,20
E01005888 : Stockport 001B,"1,527",766,468,202,65,26
E01005889 : Stockport 001C,"1,429",601,476,233,96,23
E01005891 : Stockport 001D,"1,221",584,400,179,45,13
E01005894 : Stockport 001E,"1,361",642,498,162,43,16
E01005887 : Stockport 002A,"1,731",857,530,262,65,17
E01005890 : Stockport 002B,"1,527",725,515,206,59,22
E01005893 : Stockport 002C,"2,187","1,086",762,222,84,33
E01005896 : Stockport 002D,"1,665",773,572,225,79,16
E01005919 : Stockport 002E,"1,540",702,483,240,90,25
E01005862 : Stockport 003A,"1,476",825,456,145,37,13
E01005892 : Stockport 003B,"1,272",621,388,179,64,20
E01005895 : Stockport 003C,"1,165",564,352,170,59,20
E01005920 : Stockport 003D,"1,601",854,521,170,46,10
E01005921 : Stockport 003E,"1,467",624,508,243,64,28
E01005922 : Stockport 003F,"1,313",570,470,191,55,27
E01005753 : Stockport 004A,"1,840",744,563,349,138,46
E01005754 : Stockport 004B,"2,005",717,627,384,206,71
E01005755 : Stockport 004C,"1,735",685,617,273,128,32
E01005756 : Stockport 004D,"2,378","1,091",756,311,168,52
E01005745 : Stockport 005A,"1,376",637,499,172,53,15
E01005746 : Stockport 005B,"1,451",507,427,334,126,57
E01005747 : Stockport 005C,"1,401",692,501,156,33,19
E01005748 : Stockport 005D,"1,515",723,534,197,55,6
E01005863 : Stockport 006A,"1,717",893,561,196,58,9
E01005864 : Stockport 006B,"1,576",887,474,142,63,10
E01005866 : Stockport 006C,"1,669",887,513,188,65,16
E01005869 : Stockport 006D,"1,593",759,531,210,61,32
E01005914 : Stockport 007A,"1,418",634,487,217,66,14
E01005915 : Stockport 007B,"1,549",661,558,216,96,18
E01005916 : Stockport 007C,"1,614",791,526,207,70,20
E01005917 : Stockport 007D,"1,829",818,638,254,92,27
E01005859 : Stockport 008A,"1,411",861,384,125,31,10
E01005865 : Stockport 008B,"1,960","1,141",597,162,43,17
E01005867 : Stockport 008C,"1,482",809,455,157,49,12
E01005868 : Stockport 008D,"1,522",795,493,178,39,17
E01005743 : Stockport 009A,"1,274",559,496,164,42,13
E01005744 : Stockport 009B,"1,554",621,547,270,88,28
E01005749 : Stockport 009C,"1,656",832,529,216,58,21
E01005750 : Stockport 009D,"1,669",878,531,187,59,14
E01005751 : Stockport 009E,"1,402",631,523,176,52,20
E01005897 : Stockport 010A,"1,527",726,439,249,96,17
E01005898 : Stockport 010B,"1,708",819,549,232,88,20
E01005900 : Stockport 010C,"1,608",678,557,264,83,26
E01005903 : Stockport 010D,"1,459",758,466,188,33,14
E01005904 : Stockport 010E,"1,530",792,490,189,47,12
E01005853 : Stockport 011A,"1,614",781,532,199,78,24
E01005856 : Stockport 011B,"1,602",885,495,174,42,6
E01005860 : Stockport 011C,"1,515",917,431,125,35,7
E01005861 : Stockport 011D,"1,543",793,498,181,60,11
E01005752 : Stockport 012A,"1,405",622,458,211,87,27
E01005899 : Stockport 012B,"1,619",686,539,282,85,27
E01005901 : Stockport 012C,"1,368",557,494,240,60,17
E01005902 : Stockport 012D,"1,621",675,548,241,116,41
E01005905 : Stockport 012E,"1,510",643,512,241,92,22
E01005852 : Stockport 013A,"1,488",737,497,193,49,12
E01005854 : Stockport 013B,"1,733","1,048",483,145,45,12
E01005855 : Stockport 013C,"1,481",888,430,118,33,12
E01005857 : Stockport 013D,"1,626",838,544,178,53,13
E01005858 : Stockport 013E,"1,578",804,547,169,45,13
E01005757 : Stockport 014A,"1,602",710,570,223,74,25
E01005766 : Stockport 014C,"1,779",791,584,277,97,30
E01005918 : Stockport 014D,"1,617",574,470,344,176,53
E01033947 : Stockport 014E,"1,540",672,507,235,89,37
E01033948 : Stockport 014F,"1,348",456,451,285,118,38
E01005870 : Stockport 015A,"1,374",669,445,185,53,22
E01005871 : Stockport 015B,"1,382",621,486,202,61,12
E01005873 : Stockport 015C,"1,467",708,526,169,50,14
E01005875 : Stockport 015D,"1,559",787,547,168,46,11
E01005764 : Stockport 016A,"1,606",724,552,219,91,20
E01005816 : Stockport 016B,"1,561",771,544,175,53,18
E01005817 : Stockport 016C,"1,391",648,480,192,54,17
E01005822 : Stockport 016D,"1,897",767,663,298,119,50
E01005880 : Stockport 017A,"1,486",772,500,162,40,12
E01005881 : Stockport 017B,"1,210",672,394,110,29,5
E01005883 : Stockport 017C,"1,520",788,521,167,34,10
E01005908 : Stockport 017D,"1,644",990,514,107,24,9
E01005765 : Stockport 018A,"1,382",675,492,160,36,19
E01005818 : Stockport 018B,"1,400",680,475,177,51,17
E01005819 : Stockport 018C,"1,593",811,554,166,55,7
E01005820 : Stockport 018D,"1,491",763,443,189,68,28
E01005821 : Stockport 018E,"1,413",663,484,192,56,18
E01005823 : Stockport 018F,"1,646",751,541,246,89,19
E01005825 : Stockport 019A,"1,676",809,590,191,72,14
E01005872 : Stockport 019B,"1,647",703,582,252,89,21
E01005874 : Stockport 019C,"1,874",752,605,371,109,37
E01005876 : Stockport 019D,"1,496",681,543,195,56,21
E01005877 : Stockport 019E,"1,738",830,576,232,88,12
E01005878 : Stockport 020A,"1,749",796,580,249,92,32
E01005879 : Stockport 020B,"1,317",636,424,171,71,15
E01005882 : Stockport 020C,"1,275",682,433,113,29,18
E01005884 : Stockport 020D,"1,435",734,489,160,41,11
E01005885 : Stockport 020E,"1,491",744,474,205,39,29
E01005832 : Stockport 021A,"1,421",673,486,185,56,21
E01005833 : Stockport 021B,"1,037",438,366,154,64,15
E01005835 : Stockport 021C,"1,394",712,478,155,39,10
E01005837 : Stockport 021D,"1,544",793,513,187,43,8
E01005843 : Stockport 021E,"1,450",746,503,146,40,15
E01005769 : Stockport 022A,"1,552",761,520,187,57,27
E01005778 : Stockport 022B,"1,408",681,482,186,38,21
E01005779 : Stockport 022C,"1,472",757,475,163,59,18
E01005780 : Stockport 022D,"1,480",760,497,170,35,18
E01005781 : Stockport 022E,"1,656",638,574,276,129,39
E01005759 : Stockport 023A,"1,678",816,596,201,57,8
E01005760 : Stockport 023B,"1,930",912,660,245,91,22
E01005797 : Stockport 023C,"1,417",684,478,184,57,14
E01005800 : Stockport 023D,"1,615",805,562,182,54,12
E01005804 : Stockport 023E,"1,128",532,350,154,76,16
E01005824 : Stockport 024A,"1,508",697,535,198,66,12
E01005826 : Stockport 024B,"1,611",681,498,289,111,32
E01005827 : Stockport 024C,"1,752",867,577,221,67,20
E01005828 : Stockport 024D,"1,375",548,436,236,115,40
E01005829 : Stockport 024E,"1,191",542,404,171,59,15
E01005768 : Stockport 025A,"2,067","1,161",631,209,55,11
E01005770 : Stockport 025B,"1,497",766,470,180,57,24
E01005771 : Stockport 025C,"1,438",764,447,153,51,23
E01005775 : Stockport 025D,"1,665",943,509,154,40,19
E01005761 : Stockport 026A,"1,408",682,426,201,82,17
E01005762 : Stockport 026B,"1,973",886,593,334,125,35
E01005763 : Stockport 026C,"1,733",751,565,255,123,39
E01005799 : Stockport 026D,"1,874",883,619,245,99,28
E01005798 : Stockport 027A,"1,641",730,505,279,103,24
E01005801 : Stockport 027B,"2,215","1,217",677,214,89,18
E01005802 : Stockport 027C,"1,482",842,444,153,34,9
E01005803 : Stockport 027D,"1,393",759,453,136,34,11
E01005830 : Stockport 027E,"1,539",712,574,181,49,23
E01005831 : Stockport 027F,"1,645",801,581,190,58,15
E01005767 : Stockport 028A,"1,634",831,505,215,75,8
E01005772 : Stockport 028B,"1,550",803,478,180,68,21
E01005773 : Stockport 028C,"1,571",876,428,169,74,24
E01005774 : Stockport 028D,"1,549",651,503,247,113,35
E01005776 : Stockport 028E,"1,713",913,573,173,42,12
E01005909 : Stockport 029A,"1,532",809,506,159,50,8
E01005910 : Stockport 029B,"1,614",708,544,229,103,30
E01005911 : Stockport 029C,"1,330",593,445,214,54,24
E01005912 : Stockport 029D,"1,497",779,491,173,42,12
E01005782 : Stockport 030A,"1,277",623,433,167,50,4
E01005783 : Stockport 030B,"1,548",791,457,215,67,18
E01005784 : Stockport 030C,"1,493",843,436,161,38,15
E01005785 : Stockport 030D,"1,673",931,500,184,45,13
E01005786 : Stockport 030E,"1,848","1,077",561,164,33,13
E01005834 : Stockport 031A,"1,542",720,510,196,89,27
E01005836 : Stockport 031B,"1,833",825,616,279,91,22
E01005838 : Stockport 031C,"1,780",795,673,229,66,17
E01005840 : Stockport 031D,"1,602",756,592,164,77,13
E01005927 : Stockport 032A,"1,304",714,421,130,30,9
E01005928 : Stockport 032B,"1,618",773,530,212,81,22
E01005929 : Stockport 032C,"1,420",760,498,123,34,5
E01005930 : Stockport 032D,"1,676",971,437,182,57,29
E01005806 : Stockport 033A,"1,187",597,402,143,35,10
E01005813 : Stockport 033B,"1,365",647,506,179,26,7
E01005814 : Stockport 033C,"1,296",633,451,153,49,10
E01005815 : Stockport 033D,"1,437",810,457,129,32,9
E01005777 : Stockport 034A,"1,559",724,498,237,68,32
E01005787 : Stockport 034B,"1,331",809,397,103,15,7
E01005788 : Stockport 034C,"1,565",944,424,148,42,7
E01005790 : Stockport 034D,"1,221",627,360,143,68,23
E01005805 : Stockport 035A,"1,540",820,496,157,52,15
E01005807 : Stockport 035B,"1,550",812,503,185,28,22
E01005839 : Stockport 035C,"1,296",687,413,149,43,4
E01005841 : Stockport 035D,"1,478",755,459,192,53,19
E01005844 : Stockport 036A,"1,548",757,515,198,59,19
E01005845 : Stockport 036B,"1,659",823,546,208,69,13
E01005849 : Stockport 036C,"1,652",865,537,181,49,20
E01005851 : Stockport 036D,"1,622",781,572,210,45,14
E01005808 : Stockport 037A,"1,374",819,389,133,25,8
E01005809 : Stockport 037B,"1,223",632,429,121,31,10
E01005810 : Stockport 037C,"1,560",805,471,180,78,26
E01005811 : Stockport 037D,"1,302",652,453,154,35,8
E01005812 : Stockport 037E,"1,208",720,339,110,31,8
E01005842 : Stockport 038A,"1,580",741,564,202,56,17
E01005906 : Stockport 038B,"1,435",599,526,228,67,15
E01005907 : Stockport 038C,"1,345",591,494,209,43,8
E01005913 : Stockport 038D,"1,417",693,468,195,43,18
E01005789 : Stockport 039A,"1,670",937,491,183,47,12
E01005791 : Stockport 039B,"1,570",861,463,185,46,15
E01005793 : Stockport 039C,"1,526",780,508,172,52,14
E01005795 : Stockport 039D,"1,365",773,438,128,23,3
E01005796 : Stockport 039E,"1,247",729,377,114,24,3
E01005846 : Stockport 040A,"1,714",934,542,169,52,17
E01005847 : Stockport 040B,"1,578",814,492,193,62,17
E01005848 : Stockport 040C,"2,083","1,130",679,202,60,12
E01005850 : Stockport 040D,"1,806",833,594,253,96,30
E01005792 : Stockport 041A,"1,531",891,452,142,35,11
E01005794 : Stockport 041B,"1,269",678,415,137,31,8
E01005923 : Stockport 041C,"1,499",864,460,125,40,10
E01005931 : Stockport 041D,"1,394",742,427,171,42,12
E01005924 : Stockport 042A,"1,303",714,403,144,33,9
E01005925 : Stockport 042B,"1,433",741,440,181,53,18
E01005926 : Stockport 042C,"2,242","1,444",590,179,21,8
E01005932 : Stockport 042D,"1,277",700,416,134,19,8
E01006053 : Tameside 001A,"1,948","1,004",686,192,44,22
E01006054 : Tameside 001B,"1,807",819,559,263,140,26
E01006055 : Tameside 001C,"1,504",749,535,165,41,14
E01006057 : Tameside 001D,"1,529",752,533,183,50,11
E01006058 : Tameside 001E,"2,074",976,720,266,89,23
E01006059 : Tameside 001F,"1,447",690,519,180,46,12
E01005938 : Tameside 002A,"1,566",745,498,215,85,23
E01005939 : Tameside 002B,"1,271",562,444,197,51,17
E01005940 : Tameside 002C,"1,400",574,509,221,78,18
E01005955 : Tameside 002D,"1,636",770,581,208,59,18
E01006056 : Tameside 003A,"1,248",566,384,185,87,26
E01006061 : Tameside 003B,"2,481","1,225",783,321,117,35
E01006062 : Tameside 003C,"1,987","1,014",689,210,62,12
E01006063 : Tameside 003D,"1,383",656,475,196,42,14
E01005936 : Tameside 004A,"1,514",703,548,188,60,15
E01005937 : Tameside 004B,"1,704",813,565,233,81,12
E01005945 : Tameside 004C,"2,043",969,633,310,104,27
E01005946 : Tameside 004D,"1,587",731,554,198,79,25
E01005947 : Tameside 004E,"1,842",825,594,283,107,33
E01005954 : Tameside 005A,"1,496",537,501,291,133,34
E01005956 : Tameside 005B,"1,378",532,479,255,88,24
E01005957 : Tameside 005C,"1,561",711,525,240,57,28
E01005958 : Tameside 005D,"1,607",699,497,252,130,29
E01005959 : Tameside 005E,"1,952",890,627,263,109,63
E01005933 : Tameside 006A,"1,574",755,504,190,102,23
E01005934 : Tameside 006B,"1,507",686,515,213,73,20
E01005935 : Tameside 006C,"1,467",602,464,241,112,48
E01005949 : Tameside 006D,"1,651",689,581,261,79,41
E01005960 : Tameside 006E,"1,746",784,536,282,115,29
E01005941 : Tameside 007A,"1,888",762,651,293,146,36
E01005942 : Tameside 007B,"1,664",775,586,221,63,19
E01005943 : Tameside 007C,"1,816",814,605,277,96,24
E01005944 : Tameside 007D,"1,853","1,017",582,186,60,8
E01006060 : Tameside 008A,"1,510",636,525,227,99,23
E01006064 : Tameside 008B,"1,731",651,570,326,134,50
E01006065 : Tameside 008C,"1,460",683,492,191,71,23
E01006066 : Tameside 008D,"1,416",613,483,228,78,14
E01006067 : Tameside 009A,"1,879",957,672,195,43,12
E01006068 : Tameside 009B,"1,558",650,511,256,109,32
E01006069 : Tameside 009C,"1,740",788,590,254,93,15
E01006073 : Tameside 009D,"2,044","1,036",616,272,90,30
E01005993 : Tameside 010A,"1,350",614,436,221,63,16
E01005995 : Tameside 010B,"1,371",692,475,154,35,15
E01005996 : Tameside 010C,"1,948",940,673,235,78,22
E01005997 : Tameside 010D,"1,536",698,492,245,77,24
E01006000 : Tameside 010E,"1,787",671,634,321,122,39
E01005994 : Tameside 011A,"1,507",715,474,211,82,25
E01005999 : Tameside 011B,"2,188","1,011",727,313,98,39
E01006002 : Tameside 011C,"1,369",585,494,189,78,23
E01006004 : Tameside 011D,"1,525",697,516,229,72,11
E01006005 : Tameside 011E,"1,394",589,428,248,92,37
E01006007 : Tameside 011F,"1,553",728,513,208,83,21
E01005998 : Tameside 012A,"1,881",892,639,241,93,16
E01006001 : Tameside 012B,"1,546",732,501,232,52,29
E01006003 : Tameside 012C,"1,530",656,544,235,75,20
E01006006 : Tameside 012D,"1,427",623,507,207,73,17
E01005948 : Tameside 013A,"2,316",976,776,374,143,47
E01005950 : Tameside 013B,"2,174","1,142",675,249,81,27
E01005951 : Tameside 013C,"1,860",899,614,241,87,19
E01005953 : Tameside 013E,"2,297","1,020",739,346,150,42
E01033949 : Tameside 013F,"1,189",485,330,224,114,36
E01033950 : Tameside 013G,"1,371",498,498,225,112,38
E01005961 : Tameside 014A,"2,962","1,705",902,254,81,20
E01005962 : Tameside 014B,"1,419",680,483,175,68,13
E01005968 : Tameside 014C,"1,375",637,473,198,46,21
E01005969 : Tameside 014D,"1,299",571,466,194,55,13
E01006022 : Tameside 015A,"1,936",860,639,312,92,33
E01006023 : Tameside 015B,"1,578",614,498,254,163,49
E01006070 : Tameside 015C,"1,398",708,476,161,43,10
E01006071 : Tameside 015D,"1,710",866,588,186,51,19
E01006072 : Tameside 015E,"1,615",862,519,185,36,13
E01006009 : Tameside 016A,"1,326",592,464,195,57,18
E01006017 : Tameside 016B,"1,398",704,470,172,38,14
E01006018 : Tameside 016C,"1,318",570,487,189,50,22
E01006021 : Tameside 016D,"1,366",606,500,198,50,12
E01006008 : Tameside 017A,"1,386",621,504,193,59,9
E01006010 : Tameside 017B,"1,403",558,470,236,105,34
E01006012 : Tameside 017C,"1,963",891,685,282,86,19
E01006015 : Tameside 017D,"1,347",727,399,165,42,14
E01006016 : Tameside 017E,"1,944",723,686,359,136,40
E01006011 : Tameside 018A,"1,709",690,538,299,139,43
E01006013 : Tameside 018B,"1,307",603,424,189,71,20
E01006014 : Tameside 018C,"1,282",600,448,168,52,14
E01006019 : Tameside 018D,"1,505",496,484,327,148,50
E01006020 : Tameside 018E,"1,637",733,550,254,79,21
E01005963 : Tameside 019A,"1,162",544,411,154,44,9
E01005964 : Tameside 019B,"1,523",740,500,219,54,10
E01005965 : Tameside 019C,"1,733",786,560,262,89,36
E01005966 : Tameside 019D,"1,578",781,536,181,61,19
E01005967 : Tameside 019E,"1,424",548,476,245,116,39
E01006031 : Tameside 020A,"2,253","1,061",747,286,123,36
E01006032 : Tameside 020B,"1,524",655,516,239,96,18
E01006033 : Tameside 020C,"1,768",795,587,275,81,30
E01006034 : Tameside 020D,"2,133",956,724,295,125,33
E01006035 : Tameside 020E,"2,146",952,741,312,120,21
E01006036 : Tameside 020F,"2,152",985,696,317,118,36
E01005970 : Tameside 021A,"1,413",629,478,224,64,18
E01005972 : Tameside 021B,"1,720",789,557,274,74,26
E01005974 : Tameside 021C,"1,693",721,576,261,103,32
E01005975 : Tameside 021D,"1,547",681,545,225,79,17
E01006024 : Tameside 022A,"1,764",926,594,177,50,17
E01006026 : Tameside 022B,"1,525",651,524,258,60,32
E01006037 : Tameside 022C,"1,601",761,589,182,53,16
E01006038 : Tameside 022D,"1,586",680,570,240,83,13
E01006047 : Tameside 023A,"1,326",601,470,177,63,15
E01006048 : Tameside 023B,"1,596",717,519,281,64,15
E01006049 : Tameside 023C,"1,548",648,585,213,82,20
E01006051 : Tameside 023D,"1,628",780,575,188,69,16
E01005985 : Tameside 024A,"1,554",729,533,211,64,17
E01005987 : Tameside 024B,"1,518",680,528,212,83,15
E01005988 : Tameside 024C,"1,600",812,557,184,32,15
E01005990 : Tameside 024D,"1,373",603,473,224,59,14
E01005991 : Tameside 024E,"1,496",710,545,172,53,16
E01005971 : Tameside 025A,"1,354",565,497,187,80,25
E01005986 : Tameside 025B,"1,244",593,403,173,59,16
E01005989 : Tameside 025C,"1,206",576,433,135,50,12
E01005992 : Tameside 025D,"1,208",476,403,201,98,30
E01005973 : Tameside 026A,"1,367",607,482,200,68,10
E01005976 : Tameside 026B,"1,483",633,511,220,90,29
E01005977 : Tameside 026C,"1,450",587,547,212,83,21
E01005978 : Tameside 026D,"1,336",538,482,215,82,19
E01006025 : Tameside 027A,"1,919",898,582,282,109,48
E01006027 : Tameside 027B,"2,343","1,099",758,312,133,41
E01006050 : Tameside 027C,"1,842",861,580,245,128,28
E01006052 : Tameside 027D,"1,580",722,428,273,119,38
E01006028 : Tameside 028A,"1,776",648,586,338,148,56
E01006029 : Tameside 028B,"1,933",900,674,237,91,31
E01006030 : Tameside 028C,"1,868",810,618,305,114,21
E01006039 : Tameside 028D,"1,355",584,463,221,67,20
E01006040 : Tameside 028E,"1,891",799,669,291,87,45
E01006041 : Tameside 028F,"1,721",758,630,241,75,17
E01005979 : Tameside 029A,"1,588",654,538,254,118,24
E01005980 : Tameside 029B,"1,450",590,472,251,96,41
E01005981 : Tameside 029C,"1,648",656,525,309,117,41
E01005982 : Tameside 029D,"1,326",546,476,202,80,22
E01005983 : Tameside 029E,"1,507",637,549,243,67,11
E01005984 : Tameside 029F,"1,604",652,531,289,101,31
E01006042 : Tameside 030A,"1,701",859,560,205,67,10
E01006043 : Tameside 030B,"1,438",610,534,204,72,18
E01006044 : Tameside 030C,"1,523",705,478,233,80,27
E01006045 : Tameside 030D,"1,253",627,445,139,35,7
E01006046 : Tameside 030E,"1,528",712,567,190,39,20
E01006109 : Trafford 001A,"1,152",499,338,212,74,29
E01006110 : Trafford 001B,"1,877",958,617,203,71,28
E01006111 : Trafford 001C,"1,776",948,527,198,72,31
E01006112 : Trafford 001D,"2,049",979,616,263,148,43
E01006188 : Trafford 001F,"1,990","1,029",652,213,83,13
E01034000 : Trafford 001G,"1,237",686,397,105,36,13
E01034001 : Trafford 001H,"1,647",782,513,242,75,35
E01006116 : Trafford 002A,"1,327",720,416,147,37,7
E01006117 : Trafford 002B,"1,704",923,564,162,40,15
E01006118 : Trafford 002C,"1,461",653,477,227,77,27
E01006119 : Trafford 002D,"1,640",885,524,172,50,9
E01006121 : Trafford 002E,"1,451",688,467,218,56,22
E01006141 : Trafford 003A,"1,792",957,541,210,67,17
E01006186 : Trafford 003B,"2,160","1,093",746,210,87,24
E01006187 : Trafford 003C,"2,598","1,276",911,288,98,25
E01006189 : Trafford 003D,"2,328","1,145",767,296,83,37
E01006113 : Trafford 004A,"1,621",803,535,192,76,15
E01006114 : Trafford 004B,"1,694",756,568,250,99,21
E01006115 : Trafford 004C,"1,518",721,524,183,72,18
E01006145 : Trafford 004D,"2,051","1,005",641,277,109,19
E01006146 : Trafford 004E,"1,793",913,590,216,55,19
E01006122 : Trafford 005A,"1,785",898,598,208,70,11
E01006123 : Trafford 005B,"1,669",854,519,203,62,31
E01006124 : Trafford 005C,"1,479",796,453,179,37,14
E01006128 : Trafford 005D,"1,930","1,001",582,216,90,41
E01006131 : Trafford 005E,"1,532",834,467,170,46,15
E01006155 : Trafford 006A,"1,746",929,594,170,37,16
E01006157 : Trafford 006B,"1,701",916,519,205,48,13
E01006159 : Trafford 006C,"1,875",891,618,245,95,26
E01006182 : Trafford 006D,"1,606",842,554,156,48,6
E01006183 : Trafford 006E,"1,724",874,556,212,61,21
E01006125 : Trafford 007A,"1,511",733,495,210,57,16
E01006126 : Trafford 007B,"1,838",829,595,275,108,31
E01006127 : Trafford 007C,"1,545",752,531,188,63,11
E01006130 : Trafford 007D,"1,759",929,571,190,49,20
E01006132 : Trafford 007E,"1,539",801,462,188,64,24
E01006156 : Trafford 008A,"1,674",807,551,229,60,27
E01006158 : Trafford 008B,"1,749",817,586,238,87,21
E01006179 : Trafford 008C,"1,803",823,569,290,92,29
E01006184 : Trafford 008D,"1,698",798,561,225,97,17
E01006198 : Trafford 009A,"1,462",665,487,219,72,19
E01006199 : Trafford 009B,"1,537",700,503,227,90,17
E01006200 : Trafford 009C,"1,481",644,443,245,111,38
E01006201 : Trafford 009D,"1,464",755,441,188,63,17
E01006202 : Trafford 009E,"1,299",662,425,156,45,11
E01006120 : Trafford 010A,"1,430",777,436,148,57,12
E01006129 : Trafford 010B,"1,387",615,455,223,73,21
E01006133 : Trafford 010C,"1,416",617,525,192,67,15
E01006197 : Trafford 010D,"1,478",794,479,151,39,15
E01006203 : Trafford 010E,"1,332",733,432,137,20,10
E01006142 : Trafford 011A,"1,716",810,560,236,87,23
E01006143 : Trafford 011B,"1,668",876,531,203,47,11
E01006144 : Trafford 011C,"1,388",630,435,196,100,27
E01006180 : Trafford 011D,"1,840",962,621,193,51,13
E01006181 : Trafford 011E,"1,746",911,525,218,72,20
E01006147 : Trafford 012A,"1,443",872,422,122,20,7
E01006149 : Trafford 012B,"1,578",858,430,183,81,26
E01006150 : Trafford 012C,"1,919","1,025",585,213,70,26
E01006154 : Trafford 012D,"1,602",967,470,111,41,13
E01006165 : Trafford 012E,"2,007","1,109",612,199,57,30
E01006166 : Trafford 013A,"1,638",868,474,184,95,17
E01006169 : Trafford 013B,"1,647",843,505,222,59,18
E01006170 : Trafford 013C,"1,601",896,476,163,47,19
E01006171 : Trafford 013D,"1,754",852,528,220,118,36
E01006098 : Trafford 014A,"1,337",793,379,122,30,13
E01006099 : Trafford 014B,"1,324",716,422,152,25,9
E01006164 : Trafford 014C,"1,763","1,001",502,194,54,12
E01006174 : Trafford 014D,"1,788",959,564,212,43,10
E01006178 : Trafford 014E,"1,813","1,007",556,174,61,15
E01006097 : Trafford 015A,"1,783",936,560,222,43,22
E01006160 : Trafford 015B,"2,140","1,060",697,278,80,25
E01006161 : Trafford 015C,"2,158","1,203",683,193,73,6
E01006162 : Trafford 015D,"1,624","1,004",454,129,25,12
E01006163 : Trafford 015E,"1,832","1,029",604,154,36,9
E01006148 : Trafford 016A,"1,699",921,499,196,75,8
E01006151 : Trafford 016B,"1,580",911,472,147,39,11
E01006152 : Trafford 016C,"1,640",925,495,167,44,9
E01006153 : Trafford 016D,"1,600",829,511,216,36,8
E01006172 : Trafford 016E,"1,539",758,502,202,59,18
E01006104 : Trafford 017A,"1,687",738,573,241,98,37
E01006105 : Trafford 017B,"1,767",858,510,255,116,28
E01006106 : Trafford 017C,"1,474",629,454,265,91,35
E01006107 : Trafford 017D,"1,594",731,482,232,109,40
E01006108 : Trafford 017E,"1,670",738,531,254,103,44
E01006102 : Trafford 018A,"1,404",733,442,159,55,15
E01006173 : Trafford 018B,"1,550",859,494,149,36,12
E01006175 : Trafford 018C,"1,776",748,565,296,123,44
E01006176 : Trafford 018D,"1,732",923,518,211,62,18
E01006177 : Trafford 018E,"1,653",785,514,248,85,21
E01006091 : Trafford 019A,"2,970","1,720",939,237,57,17
E01006092 : Trafford 019B,"1,331",681,407,161,60,22
E01006095 : Trafford 019C,"1,658",885,547,181,36,9
E01006167 : Trafford 019D,"1,577",710,475,243,118,31
E01006168 : Trafford 019E,"1,814",762,608,281,120,43
E01006090 : Trafford 020A,"2,300","1,249",701,258,71,21
E01006094 : Trafford 020B,"1,603",921,494,141,32,15
E01006096 : Trafford 020C,"1,610",988,459,124,29,10
E01006100 : Trafford 020D,"1,487",818,454,153,51,11
E01006103 : Trafford 020E,"1,693",990,535,131,33,4
E01006101 : Trafford 021A,"1,495",867,472,120,26,10
E01006190 : Trafford 021B,"1,686",987,492,151,44,12
E01006195 : Trafford 021C,"1,796","1,004",569,168,38,17
E01006196 : Trafford 021D,"1,700",969,533,151,37,10
E01006210 : Trafford 021E,"1,609",889,489,172,42,17
E01006204 : Trafford 022A,"1,619",835,485,222,56,21
E01006206 : Trafford 022B,"1,869",937,588,244,69,31
E01006207 : Trafford 022C,"1,749",742,547,281,129,50
E01006208 : Trafford 022D,"1,552",790,504,180,65,13
E01006211 : Trafford 022E,"1,610",788,522,200,68,32
E01006093 : Trafford 023A,"1,527",866,479,144,33,5
E01006191 : Trafford 023B,"1,710","1,020",470,181,29,10
E01006192 : Trafford 023C,"1,516",828,465,165,49,9
E01006205 : Trafford 023D,"1,341",737,429,136,28,11
E01006209 : Trafford 023E,"1,647",941,490,165,37,14
E01006078 : Trafford 024A,"2,122","1,255",631,175,49,12
E01006080 : Trafford 024B,"1,966","1,128",582,190,53,13
E01006089 : Trafford 024C,"2,014","1,167",618,175,43,11
E01006193 : Trafford 024D,"1,572",929,459,133,45,6
E01006194 : Trafford 024E,"2,432","1,511",683,173,49,16
E01006074 : Trafford 025A,"1,642",836,494,205,83,24
E01006075 : Trafford 025B,"2,148","1,215",687,189,43,14
E01006076 : Trafford 025C,"1,675",879,539,184,59,14
E01006079 : Trafford 025D,"2,597","1,596",758,188,39,16
E01006087 : Trafford 025E,"1,451",818,455,144,29,5
E01006083 : Trafford 026A,"1,278",855,304,97,17,5
E01006084 : Trafford 026B,"1,742","1,191",418,103,26,4
E01006088 : Trafford 026C,"1,631","1,094",410,92,28,7
E01006139 : Trafford 026D,"1,805","1,145",478,148,26,8
E01006140 : Trafford 026E,"1,698","1,062",477,120,32,7
E01006077 : Trafford 027A,"1,643",963,454,158,58,10
E01006081 : Trafford 027B,"1,385",844,391,109,34,7
E01006082 : Trafford 027C,"1,497",874,457,119,35,12
E01006085 : Trafford 027D,"1,545",936,417,138,44,10
E01006086 : Trafford 027E,"1,687","1,006",431,183,52,15
E01006134 : Trafford 028A,"1,493",971,401,103,15,3
E01006135 : Trafford 028B,"1,768",968,520,218,50,12
E01006136 : Trafford 028C,"1,703","1,041",464,145,44,9
E01006137 : Trafford 028D,"1,421",837,436,118,20,10
E01006138 : Trafford 028E,"1,890",985,587,228,67,23
E01006315 : Wigan 001A,"1,503",772,497,198,24,12
E01006316 : Wigan 001B,"2,001","1,149",586,199,52,15
E01006317 : Wigan 001C,"1,552",676,538,243,71,24
E01006319 : Wigan 001D,"1,568",958,449,116,37,8
E01006229 : Wigan 002A,"1,378",590,540,189,48,11
E01006230 : Wigan 002B,"2,122","1,216",652,188,54,12
E01006233 : Wigan 002C,"1,404",771,421,153,49,10
E01006237 : Wigan 002D,"1,922","1,110",569,168,59,16
E01006238 : Wigan 002E,"1,509",589,544,254,93,29
E01006259 : Wigan 003A,"1,317",621,435,184,61,16
E01006312 : Wigan 003B,"1,370",654,450,200,53,13
E01006313 : Wigan 003C,"1,458",749,441,190,62,16
E01006314 : Wigan 003D,"1,723",791,600,242,64,26
E01006318 : Wigan 003E,"1,425",635,495,214,62,19
E01006320 : Wigan 003F,"1,279",639,419,167,45,9
E01006321 : Wigan 003G,"1,599",846,502,193,43,15
E01006231 : Wigan 004A,"1,469",725,490,178,59,17
E01006232 : Wigan 004B,"1,989","1,122",575,212,62,18
E01006234 : Wigan 004C,"1,145",455,426,179,64,21
E01006235 : Wigan 004D,"1,527",659,454,271,111,32
E01006253 : Wigan 005A,"1,524",598,572,239,91,24
E01006254 : Wigan 005B,"1,573",671,524,259,105,14
E01006255 : Wigan 005C,"1,492",674,530,207,63,18
E01006256 : Wigan 005D,"1,709",863,532,230,63,21
E01006260 : Wigan 005E,"1,517",660,480,245,100,32
E01006370 : Wigan 006A,"1,886",965,608,243,51,19
E01006372 : Wigan 006B,"1,609",940,446,158,43,22
E01006373 : Wigan 006C,"1,459",769,482,162,30,16
E01006374 : Wigan 006D,"1,463",767,480,149,53,14
E01006390 : Wigan 006E,"1,613",704,538,267,78,26
E01006236 : Wigan 007A,"1,573",774,549,187,49,14
E01006388 : Wigan 007B,"1,837",849,592,243,134,19
E01006389 : Wigan 007C,"1,318",659,454,150,47,8
E01006391 : Wigan 007D,"1,530",625,543,255,88,19
E01006257 : Wigan 008A,"1,208",612,382,150,58,6
E01006258 : Wigan 008B,"1,601",715,535,265,66,20
E01006369 : Wigan 008C,"2,031",893,697,307,112,22
E01006371 : Wigan 008D,"1,476",656,536,205,58,21
E01006375 : Wigan 008E,"1,683",828,594,204,46,11
E01006306 : Wigan 009A,"1,479",539,479,270,155,36
E01006307 : Wigan 009B,"1,372",555,504,205,83,25
E01006386 : Wigan 009C,"1,589",444,511,372,199,63
E01006387 : Wigan 009D,"1,317",558,452,226,65,16
E01006392 : Wigan 009E,"1,477",687,464,210,90,26
E01006350 : Wigan 010A,"1,860",776,592,319,132,41
E01006351 : Wigan 010B,"2,020",836,670,323,155,36
E01006357 : Wigan 010C,"1,829",813,510,322,148,36
E01006360 : Wigan 010D,"1,680",684,575,275,117,29
E01006361 : Wigan 010E,"1,659",721,566,242,97,33
E01006356 : Wigan 011A,"1,435",623,499,198,93,22
E01006396 : Wigan 011B,"1,480",719,459,178,103,21
E01006397 : Wigan 011C,"1,079",384,395,197,72,31
E01006398 : Wigan 011D,"1,008",405,349,160,75,19
E01006399 : Wigan 011E,"1,604",726,557,223,83,15
E01006305 : Wigan 012A,"1,710",783,519,288,94,26
E01006308 : Wigan 012B,"1,620",721,530,253,92,24
E01006309 : Wigan 012C,"1,668",769,563,206,73,57
E01006310 : Wigan 012D,"1,590",671,535,244,106,34
E01006311 : Wigan 012E,"1,534",640,529,261,79,25
E01006269 : Wigan 013A,"1,737",743,572,274,111,37
E01006271 : Wigan 013B,"1,681",775,554,255,83,14
E01006272 : Wigan 013C,"1,636",712,544,265,82,33
E01006273 : Wigan 013D,"1,481",620,531,222,83,25
E01006276 : Wigan 013E,"2,154","1,099",711,245,75,24
E01006353 : Wigan 014A,"1,458",643,540,185,71,19
E01006354 : Wigan 014B,"1,438",576,470,279,88,25
E01006355 : Wigan 014C,"1,474",615,542,237,63,17
E01006358 : Wigan 014D,"2,133",920,723,344,117,29
E01006359 : Wigan 014E,"1,386",607,451,229,76,23
E01006349 : Wigan 015A,"2,037",995,702,242,79,19
E01006352 : Wigan 015B,"2,034",922,698,266,120,28
E01006404 : Wigan 015C,"1,779",826,582,262,82,27
E01006405 : Wigan 015D,"1,747",773,549,280,122,23
E01006411 : Wigan 015E,"1,433",620,428,250,107,28
E01006270 : Wigan 016A,"1,442",517,490,287,112,36
E01006274 : Wigan 016B,"1,533",695,469,247,105,17
E01006275 : Wigan 016C,"1,571",621,523,266,125,36
E01006277 : Wigan 016D,"1,877","1,057",623,156,32,9
E01006286 : Wigan 016E,"1,561",576,553,316,88,28
E01006239 : Wigan 017A,"2,082",822,631,382,181,66
E01006240 : Wigan 017B,"1,573",623,555,254,105,36
E01006241 : Wigan 017C,"2,539","1,283",811,325,95,25
E01006287 : Wigan 017D,"1,148",538,416,142,36,16
E01006289 : Wigan 017E,"1,689",680,530,304,148,27
E01006362 : Wigan 018A,"1,634",801,566,204,56,7
E01006363 : Wigan 018B,"1,517",659,547,222,70,19
E01006364 : Wigan 018C,"1,831",947,531,239,89,25
E01006365 : Wigan 018D,"2,266","1,325",668,214,50,9
E01006366 : Wigan 018E,"1,851",902,578,230,114,27
E01006367 : Wigan 018F,"1,783",906,609,200,59,9
E01006368 : Wigan 018G,"1,884",973,599,220,72,20
E01006278 : Wigan 019A,"1,634",632,587,298,84,33
E01006279 : Wigan 019B,"1,577",693,619,189,64,12
E01006280 : Wigan 019C,"1,455",602,454,246,123,30
E01006281 : Wigan 019D,"1,937",965,647,248,60,17
E01006285 : Wigan 019E,"1,915",906,646,250,84,29
E01006406 : Wigan 020A,"1,377",563,495,230,73,16
E01006407 : Wigan 020B,"1,453",700,498,186,55,14
E01006408 : Wigan 020C,"1,745",853,523,243,93,33
E01006409 : Wigan 020D,"1,297",539,487,198,58,15
E01006410 : Wigan 020E,"1,272",606,427,182,44,13
E01006393 : Wigan 021A,"1,382",703,467,151,47,14
E01006394 : Wigan 021B,"1,540",786,510,184,54,6
E01006395 : Wigan 021C,"2,628","1,608",753,198,59,10
E01006400 : Wigan 021D,"1,995","1,189",597,143,49,17
E01006401 : Wigan 021E,"1,356",651,497,155,43,10
E01006402 : Wigan 021F,"1,128",564,377,135,40,12
E01006403 : Wigan 021G,"1,626",721,605,222,63,15
E01006290 : Wigan 022A,"1,389",651,473,201,52,12
E01006291 : Wigan 022B,"1,464",657,486,217,85,19
E01006292 : Wigan 022C,"1,500",617,529,254,72,28
E01006293 : Wigan 022D,"1,618",720,525,233,103,37
E01006242 : Wigan 023A,"1,930",828,736,260,86,20
E01006243 : Wigan 023B,"2,123","1,084",714,222,85,18
E01006244 : Wigan 023C,"1,676",631,562,343,105,35
E01006245 : Wigan 023D,"2,629","1,370",865,284,88,22
E01006213 : Wigan 024A,"1,521",635,510,236,112,28
E01006215 : Wigan 024B,"1,712",636,599,315,135,27
E01006217 : Wigan 024C,"2,378","1,057",853,299,134,35
E01006218 : Wigan 024D,"2,432","1,169",788,338,111,26
E01006219 : Wigan 024E,"1,184",510,406,184,67,17
E01006288 : Wigan 025A,"1,826",795,583,292,124,32
E01006294 : Wigan 025B,"1,940",902,684,254,83,17
E01006295 : Wigan 025C,"1,571",626,554,252,99,40
E01006377 : Wigan 025D,"1,557",757,534,203,53,10
E01006378 : Wigan 025E,"1,302",613,430,196,52,11
E01006212 : Wigan 026A,"1,392",607,473,229,60,23
E01006214 : Wigan 026B,"1,379",588,504,167,94,26
E01006216 : Wigan 026C,"2,191","1,061",756,271,80,23
E01006322 : Wigan 026D,"2,090",959,719,286,97,29
E01006329 : Wigan 026E,"1,640",658,581,262,94,45
E01006282 : Wigan 027A,"1,854",838,633,259,101,23
E01006283 : Wigan 027B,"1,584",662,550,232,108,32
E01006284 : Wigan 027C,"1,578",644,488,272,132,42
E01006336 : Wigan 027D,"1,656",607,556,291,153,49
E01006337 : Wigan 027E,"1,497",670,529,214,59,25
E01006376 : Wigan 028A,"1,768",811,575,257,99,26
E01006381 : Wigan 028B,"2,051","1,158",674,174,38,7
E01006382 : Wigan 028C,"1,258",625,439,155,30,9
E01006383 : Wigan 028D,"1,612",831,535,178,60,8
E01006384 : Wigan 028E,"1,321",643,492,144,37,5
E01006250 : Wigan 029A,"2,139","1,184",683,200,52,20
E01006251 : Wigan 029B,"1,544",770,562,166,39,7
E01006379 : Wigan 029C,"1,581",770,537,207,49,18
E01006380 : Wigan 029D,"2,729","1,476",812,289,128,24
E01006385 : Wigan 029E,"1,445",730,457,190,54,14
E01006328 : Wigan 030A,"1,527",666,551,202,83,25
E01006333 : Wigan 030B,"2,087",924,714,313,115,21
E01006334 : Wigan 030C,"2,076",918,717,316,96,29
E01006338 : Wigan 030D,"1,668",714,623,239,72,20
E01006248 : Wigan 031A,"2,279","1,087",709,299,150,34
E01006249 : Wigan 031B,"1,656",717,565,253,87,34
E01006330 : Wigan 031C,"1,540",707,550,208,58,17
E01006331 : Wigan 031D,"1,519",790,505,166,45,13
E01006332 : Wigan 031E,"2,015",916,656,323,92,28
E01006262 : Wigan 032A,"1,710",848,538,223,78,23
E01006263 : Wigan 032B,"1,490",688,502,212,69,19
E01006266 : Wigan 032C,"1,372",576,497,224,56,19
E01006267 : Wigan 032D,"1,618",646,489,317,130,36
E01006268 : Wigan 032E,"1,637",772,563,215,67,20
E01006323 : Wigan 033A,"1,552",641,549,242,94,26
E01006324 : Wigan 033B,"1,292",489,421,231,123,28
E01006325 : Wigan 033C,"1,504",626,521,246,85,26
E01006326 : Wigan 033D,"1,411",560,533,229,71,18
E01006327 : Wigan 033E,"2,562","1,258",796,318,143,47
E01006246 : Wigan 034A,"1,535",646,538,228,98,25
E01006247 : Wigan 034B,"1,282",569,476,180,47,10
E01006252 : Wigan 034C,"1,399",632,511,188,47,21
E01006297 : Wigan 034D,"1,595",623,525,274,131,42
E01006335 : Wigan 034E,"1,578",662,573,268,58,17
E01006220 : Wigan 035A,"1,740",679,564,338,114,45
E01006221 : Wigan 035B,"1,560",697,569,214,65,15
E01006222 : Wigan 035C,"1,557",686,575,226,53,17
E01006224 : Wigan 035D,"1,431",815,466,112,37,1
E01006226 : Wigan 035E,"1,712",802,588,233,64,25
E01006223 : Wigan 036A,"1,588",669,563,241,89,26
E01006225 : Wigan 036B,"1,507",749,485,203,56,14
E01006261 : Wigan 036C,"1,486",576,517,249,123,21
E01006264 : Wigan 036D,"1,229",566,424,182,45,12
E01006265 : Wigan 036E,"1,397",606,523,189,66,13
E01006296 : Wigan 037A,"1,504",572,532,247,116,37
E01006298 : Wigan 037B,"1,424",526,505,250,111,32
E01006299 : Wigan 037C,"1,935",976,661,236,46,16
E01006300 : Wigan 037D,"1,359",684,426,185,45,19
E01006301 : Wigan 037E,"1,484",799,461,164,51,9
E01006227 : Wigan 038A,"1,581",750,532,209,72,18
E01006228 : Wigan 038B,"1,628",765,570,216,67,10
E01006342 : Wigan 038C,"1,556",648,509,270,95,34
E01006344 : Wigan 038D,"1,440",573,456,256,125,30
E01006346 : Wigan 038E,"2,062",951,701,291,90,29
E01006339 : Wigan 039A,"1,255",547,441,203,52,12
E01006340 : Wigan 039B,"1,888",859,639,275,91,24
E01006343 : Wigan 039C,"1,611",869,538,166,34,4
E01006345 : Wigan 039D,"1,559",699,566,232,46,16
E01006348 : Wigan 039E,"2,642","1,523",748,278,78,15
E01006302 : Wigan 040A,"1,835",947,619,198,55,16
E01006303 : Wigan 040B,"1,625",787,558,202,58,20
E01006304 : Wigan 040C,"1,520",680,534,211,70,25
E01006341 : Wigan 040D,"1,664",761,501,263,102,37
E01006347 : Wigan 040E,"1,518",737,519,202,47,13
